order_item_id,order_id,product_id,quantity,price_each
1,452,88,1,9.22
2,322,43,4,153.24
3,429,84,1,412.04
4,156,12,4,392.65
5,423,29,3,204.89
6,708,46,4,205.85
7,209,29,4,292.08
8,421,96,2,329.38
9,514,40,2,238.64
10,794,54,2,258.76
11,627,43,5,381.77
12,943,48,3,78.89
13,483,34,3,201.77
14,894,75,4,117.33
15,869,38,2,375.82
16,754,60,3,239.85
17,745,16,3,260.33
18,64,61,4,394.06
19,723,7,4,380.02
20,142,82,1,362.64
21,532,75,1,233.39
22,213,75,4,397.0
23,575,80,1,159.97
24,333,10,3,97.98
25,679,61,4,386.21
26,490,25,4,350.48
27,539,65,2,108.74
28,386,16,3,227.74
29,322,88,3,281.43
30,980,49,5,190.48
31,178,68,5,290.87
32,471,39,2,68.53
33,935,53,5,471.96
34,546,7,1,9.79
35,351,20,4,406.15
36,560,18,1,417.98
37,363,26,3,173.21
38,693,44,5,212.48
39,791,53,1,344.45
40,889,73,3,204.67
41,739,59,5,390.43
42,698,19,4,271.11
43,659,41,4,166.41
44,823,92,5,16.5
45,710,24,4,393.75
46,271,100,2,461.46
47,625,11,5,81.08
48,496,63,2,476.56
49,197,43,5,168.47
50,981,81,2,316.77
51,253,23,4,303.49
52,286,41,4,305.88
53,572,82,1,434.14
54,306,8,3,490.19
55,231,1,2,106.08
56,965,58,5,198.36
57,997,36,4,269.57
58,305,27,4,98.23
59,790,98,5,58.78
60,296,100,3,286.91
61,722,22,5,228.51
62,213,74,2,447.9
63,707,98,2,51.15
64,722,21,1,56.64
65,501,63,5,278.69
66,325,98,4,20.87
67,492,100,1,346.07
68,358,12,5,246.86
69,574,17,5,97.41
70,957,79,4,39.4
71,957,56,3,481.68
72,815,82,5,145.49
73,739,55,1,120.35
74,281,52,4,331.49
75,295,55,2,39.64
76,125,62,3,33.44
77,588,50,4,261.67
78,693,1,1,90.05
79,557,5,5,430.56
80,389,69,1,208.38
81,918,26,5,82.73
82,405,94,4,59.82
83,839,48,3,270.54
84,354,2,4,241.73
85,978,42,1,39.04
86,792,97,1,477.77
87,824,68,2,433.52
88,150,25,2,69.32
89,298,3,5,106.81
90,44,87,1,218.94
91,295,1,2,356.29
92,979,81,2,240.02
93,732,94,4,303.84
94,81,32,5,469.88
95,355,29,3,295.81
96,947,89,4,253.73
97,453,45,5,343.99
98,672,40,5,141.34
99,263,17,4,8.68
100,766,14,2,75.63
101,491,50,2,36.67
102,220,65,3,202.62
103,207,76,3,404.75
104,848,40,5,265.3
105,552,22,3,455.6
106,278,9,4,440.22
107,956,6,3,232.8
108,576,39,1,290.19
109,713,38,5,369.96
110,279,59,1,147.52
111,141,94,5,441.09
112,112,67,5,230.87
113,631,77,4,351.66
114,759,68,2,357.27
115,601,44,3,152.24
116,246,56,1,308.45
117,249,88,3,405.94
118,52,18,5,91.69
119,686,44,1,128.32
120,927,63,1,450.48
121,544,46,5,367.96
122,232,97,3,231.62
123,654,25,1,455.86
124,239,22,3,95.8
125,54,52,1,286.46
126,103,3,2,199.81
127,424,30,4,473.12
128,339,29,5,123.65
129,735,94,4,435.92
130,484,17,3,140.52
131,103,28,4,315.9
132,698,94,4,149.49
133,790,3,4,458.57
134,141,76,4,350.53
135,6,65,5,362.59
136,988,22,2,112.54
137,564,16,2,249.28
138,952,47,4,496.23
139,162,92,2,278.65
140,417,84,2,497.68
141,669,5,5,42.88
142,958,49,4,57.09
143,902,82,3,384.44
144,900,33,4,166.38
145,488,99,2,228.21
146,489,69,3,130.12
147,667,80,2,255.5
148,205,7,2,233.77
149,775,77,1,41.23
150,988,7,1,348.77
151,295,85,1,376.12
152,329,14,2,193.67
153,293,84,4,374.25
154,662,3,4,428.61
155,61,7,2,201.35
156,930,89,1,10.31
157,788,15,2,61.77
158,92,54,4,458.98
159,668,57,4,166.92
160,588,49,5,375.59
161,238,16,4,244.96
162,548,71,5,38.78
163,757,33,2,276.47
164,741,61,4,124.94
165,871,90,5,475.26
166,960,20,4,74.43
167,39,27,5,411.11
168,936,89,4,421.57
169,944,88,4,89.44
170,180,81,3,13.94
171,428,2,2,54.75
172,904,39,2,150.6
173,858,54,4,269.65
174,181,85,5,198.47
175,957,13,1,43.4
176,942,85,5,382.98
177,38,67,4,340.3
178,857,35,2,80.98
179,407,80,5,182.25
180,807,78,3,112.25
181,508,90,4,22.05
182,191,18,5,339.15
183,960,54,5,112.0
184,767,14,3,349.89
185,986,66,1,419.07
186,894,93,1,406.7
187,949,80,5,322.3
188,297,16,4,359.62
189,898,37,3,449.02
190,39,15,1,198.36
191,10,14,5,157.62
192,306,64,4,30.95
193,582,26,1,7.31
194,618,78,2,387.34
195,110,26,5,384.72
196,951,100,3,464.77
197,344,34,4,190.45
198,292,67,5,123.08
199,466,26,1,50.24
200,657,46,5,213.73
201,557,91,5,494.7
202,537,53,1,171.87
203,506,38,2,100.12
204,911,21,4,336.13
205,962,6,1,114.18
206,138,71,5,441.73
207,872,64,5,399.48
208,517,27,3,416.07
209,480,89,5,88.1
210,280,62,1,87.69
211,198,43,3,210.76
212,829,31,5,58.3
213,116,1,1,166.94
214,339,2,4,283.22
215,167,86,4,98.83
216,749,12,5,107.52
217,470,15,4,273.14
218,664,74,5,469.77
219,264,86,3,64.8
220,736,64,4,110.82
221,191,20,3,181.51
222,15,12,3,90.94
223,755,100,3,204.06
224,346,66,2,161.54
225,810,10,1,197.65
226,303,93,5,232.09
227,582,93,3,37.68
228,691,13,5,408.47
229,776,33,3,326.72
230,198,83,1,187.65
231,180,30,4,38.33
232,626,59,5,113.19
233,877,38,2,154.26
234,655,34,5,301.44
235,919,60,1,491.64
236,416,7,3,55.4
237,847,13,5,270.41
238,438,23,1,495.31
239,528,6,3,425.98
240,336,38,4,89.87
241,89,47,1,479.72
242,411,87,2,301.93
243,686,41,5,490.8
244,98,55,1,349.68
245,190,95,3,340.56
246,144,15,3,486.32
247,489,13,2,348.39
248,332,98,5,169.36
249,959,6,3,319.5
250,255,2,3,442.56
251,7,18,3,162.39
252,268,85,1,426.52
253,393,83,1,243.65
254,242,22,5,170.88
255,458,43,2,306.22
256,772,46,5,294.59
257,274,57,2,194.27
258,977,80,4,322.09
259,338,35,3,120.05
260,310,94,2,295.8
261,597,12,3,494.25
262,741,48,2,120.14
263,587,44,4,310.09
264,12,24,2,448.91
265,268,15,5,157.88
266,670,52,1,370.27
267,369,52,3,379.84
268,710,59,1,311.78
269,242,35,2,34.66
270,64,50,5,190.39
271,684,89,2,151.82
272,122,62,4,80.08
273,477,54,4,106.17
274,315,84,4,23.76
275,164,22,2,462.09
276,416,15,4,301.05
277,703,17,2,473.21
278,515,90,2,370.93
279,946,93,5,167.7
280,917,8,3,142.67
281,910,21,1,323.58
282,721,14,3,381.44
283,789,54,1,262.83
284,319,76,1,488.9
285,707,62,2,325.78
286,121,73,4,147.79
287,655,87,4,16.73
288,939,57,4,424.23
289,964,24,3,168.98
290,303,79,4,124.91
291,377,49,5,271.96
292,630,100,2,453.78
293,227,46,4,334.18
294,225,79,4,127.93
295,981,4,4,345.24
296,137,88,3,361.15
297,490,94,2,305.99
298,157,17,5,193.84
299,466,62,4,164.21
300,766,63,1,223.97
301,621,15,3,7.99
302,383,53,4,435.58
303,426,57,4,39.64
304,719,6,3,100.27
305,563,9,5,319.01
306,935,34,1,75.06
307,483,84,1,106.09
308,776,41,5,50.42
309,551,2,3,298.35
310,822,91,4,416.45
311,681,87,5,466.25
312,846,68,3,121.97
313,224,99,3,43.69
314,781,96,3,363.87
315,254,74,3,159.17
316,697,93,1,362.23
317,773,73,3,126.24
318,611,29,5,92.34
319,895,86,4,128.24
320,807,44,4,146.25
321,84,67,2,226.89
322,539,67,5,319.62
323,458,89,2,139.57
324,541,90,5,391.74
325,721,80,3,44.61
326,371,13,2,486.41
327,80,56,3,202.13
328,940,85,5,88.04
329,578,94,1,223.48
330,115,32,1,255.12
331,64,62,1,368.79
332,849,45,1,381.36
333,561,85,4,410.7
334,925,87,1,397.81
335,518,83,5,14.81
336,208,50,1,193.8
337,587,20,4,427.75
338,550,72,3,380.63
339,154,79,2,461.16
340,169,7,3,299.62
341,336,2,3,80.64
342,875,83,2,364.69
343,533,21,1,132.36
344,453,65,1,234.51
345,120,61,5,229.53
346,697,64,1,190.7
347,211,22,1,304.98
348,735,10,5,40.61
349,598,97,2,72.64
350,501,63,5,237.28
351,94,42,1,81.59
352,921,31,1,98.86
353,523,43,1,11.35
354,457,36,5,252.85
355,829,7,2,364.05
356,57,65,4,248.27
357,465,29,5,463.22
358,136,71,2,470.44
359,526,83,1,485.39
360,426,49,2,189.71
361,468,52,3,247.33
362,578,31,3,322.32
363,60,11,4,296.21
364,573,59,1,207.35
365,474,57,4,24.22
366,689,74,3,461.19
367,827,58,4,195.49
368,316,12,3,284.98
369,741,64,3,101.14
370,23,58,2,220.97
371,406,41,1,131.35
372,261,16,3,456.98
373,837,64,1,362.51
374,4,96,4,257.26
375,764,84,4,246.87
376,224,3,3,345.8
377,593,14,1,349.75
378,75,52,3,327.2
379,47,53,3,463.63
380,434,5,2,369.15
381,353,72,4,124.96
382,718,71,1,22.08
383,66,1,4,407.5
384,555,12,2,317.32
385,62,78,5,339.83
386,958,80,4,350.25
387,916,82,2,324.44
388,71,39,4,134.36
389,957,66,1,230.46
390,484,72,2,342.13
391,33,27,5,130.87
392,294,84,4,303.06
393,419,86,2,476.13
394,185,59,5,421.55
395,788,44,1,11.11
396,139,47,4,386.63
397,785,7,3,323.98
398,657,29,1,458.86
399,747,59,1,201.85
400,662,43,1,295.15
401,987,72,1,450.99
402,431,99,5,261.68
403,384,80,3,98.47
404,913,77,4,214.36
405,392,61,1,415.73
406,460,92,4,130.17
407,891,85,2,154.6
408,940,47,1,484.0
409,929,92,1,330.95
410,387,58,4,194.48
411,385,15,3,157.45
412,83,13,2,208.75
413,700,98,3,438.82
414,988,85,4,365.19
415,678,29,5,48.99
416,896,1,1,319.91
417,553,44,5,389.46
418,137,46,4,175.47
419,670,82,4,75.64
420,881,38,4,375.62
421,357,71,4,465.36
422,122,67,1,202.0
423,183,48,5,157.51
424,551,90,2,493.58
425,403,14,1,409.11
426,542,6,4,5.78
427,131,22,4,39.57
428,746,64,1,349.68
429,229,18,5,264.86
430,855,92,5,328.99
431,4,96,3,367.86
432,775,93,3,89.46
433,24,53,3,190.45
434,306,14,4,353.5
435,475,33,1,103.02
436,690,79,1,95.08
437,737,26,3,474.5
438,558,25,5,228.08
439,435,16,3,408.11
440,545,51,1,96.89
441,389,28,4,34.2
442,844,59,3,95.45
443,236,25,2,380.79
444,254,92,2,133.38
445,472,44,5,451.63
446,355,14,1,207.35
447,159,97,4,315.28
448,283,54,2,314.09
449,194,6,3,434.84
450,960,82,4,87.23
451,897,87,1,150.1
452,743,76,3,191.98
453,784,16,4,142.0
454,116,99,1,174.37
455,33,58,4,294.89
456,829,59,2,241.56
457,677,85,2,338.04
458,430,76,1,54.9
459,630,65,2,35.22
460,785,18,1,377.14
461,959,64,5,8.58
462,905,1,2,293.31
463,911,68,4,493.87
464,17,95,4,52.94
465,247,7,1,263.56
466,212,71,5,8.59
467,69,56,3,303.48
468,104,75,4,493.51
469,609,62,5,381.88
470,35,66,4,466.4
471,458,100,1,239.25
472,613,23,1,171.83
473,689,89,3,217.58
474,721,75,1,188.54
475,894,23,3,445.63
476,50,94,1,499.73
477,251,17,4,409.34
478,759,14,1,470.79
479,46,50,2,334.21
480,412,85,5,192.33
481,450,77,4,33.33
482,240,78,5,181.23
483,553,42,2,168.48
484,223,65,5,54.59
485,773,50,2,231.18
486,885,54,1,350.66
487,795,78,1,363.98
488,58,89,2,444.55
489,144,98,4,73.74
490,516,32,1,302.95
491,297,36,4,435.16
492,240,51,5,143.34
493,836,44,1,351.14
494,939,38,2,408.45
495,750,58,2,187.37
496,590,18,1,311.08
497,327,18,2,331.14
498,592,53,1,240.22
499,613,78,3,209.5
500,792,90,1,98.03
501,689,96,4,493.16
502,839,66,5,478.99
503,329,39,2,407.25
504,243,90,5,13.23
505,310,71,1,183.3
506,898,41,1,27.65
507,147,92,1,404.74
508,677,95,4,166.13
509,534,71,5,224.93
510,227,81,5,305.35
511,424,28,2,203.08
512,308,26,1,308.23
513,282,27,2,45.28
514,63,80,4,216.82
515,571,92,3,466.08
516,972,38,4,465.77
517,606,88,3,493.5
518,901,45,1,429.26
519,753,87,5,453.08
520,934,17,5,368.47
521,180,91,2,150.46
522,642,84,3,101.56
523,696,23,2,75.86
524,438,65,1,262.43
525,570,70,5,288.09
526,508,89,2,429.12
527,49,82,3,254.8
528,996,42,1,68.29
529,353,91,1,399.43
530,965,15,3,154.17
531,659,98,2,338.17
532,688,46,4,276.63
533,391,72,2,438.02
534,805,62,3,88.19
535,538,75,5,225.91
536,327,74,2,62.26
537,714,86,4,333.01
538,427,91,2,124.25
539,419,54,5,109.76
540,153,87,1,377.86
541,308,96,2,331.57
542,386,69,1,49.27
543,189,37,5,220.27
544,773,55,4,359.3
545,551,2,2,84.32
546,485,67,1,464.84
547,247,14,4,451.81
548,870,4,1,384.32
549,231,49,1,114.09
550,308,19,1,132.53
551,879,7,2,240.77
552,725,86,1,449.27
553,148,8,5,65.93
554,826,26,3,72.2
555,475,35,4,269.6
556,937,97,4,364.08
557,60,21,2,49.77
558,576,37,2,347.43
559,423,88,2,436.61
560,992,33,3,466.23
561,427,19,5,384.34
562,571,8,4,302.34
563,543,89,4,323.77
564,138,38,2,191.62
565,398,27,2,360.13
566,249,97,5,369.32
567,262,70,1,193.92
568,209,5,5,322.84
569,339,46,2,283.14
570,663,58,4,428.79
571,81,14,5,405.18
572,945,79,1,115.66
573,461,87,3,62.27
574,868,95,3,48.4
575,380,72,4,49.12
576,95,29,1,371.59
577,549,96,5,468.92
578,742,83,2,373.59
579,850,72,2,62.47
580,196,50,1,187.03
581,53,31,5,427.4
582,275,66,1,477.26
583,387,90,5,290.57
584,690,37,3,5.83
585,620,89,5,35.63
586,618,86,5,270.12
587,41,7,2,424.32
588,895,49,4,490.03
589,75,50,2,163.22
590,193,54,3,185.69
591,824,88,1,341.25
592,780,41,2,399.3
593,602,71,1,262.28
594,742,7,2,302.8
595,688,2,4,114.96
596,573,96,4,200.68
597,223,33,2,271.46
598,491,26,2,233.0
599,214,80,1,76.63
600,891,100,1,471.73
601,929,57,3,419.42
602,341,29,3,252.42
603,311,82,2,230.61
604,980,91,4,302.73
605,931,91,3,77.21
606,16,83,3,334.35
607,217,48,5,401.64
608,960,97,4,352.97
609,195,76,1,301.45
610,986,70,1,157.9
611,760,95,1,495.22
612,121,78,5,66.11
613,765,26,2,498.44
614,773,100,2,354.73
615,491,93,1,241.75
616,937,25,4,415.2
617,249,38,5,250.04
618,713,58,1,353.55
619,619,23,1,191.47
620,721,88,2,490.67
621,210,10,4,169.91
622,407,24,5,414.8
623,938,23,5,109.25
624,246,95,3,367.67
625,566,66,4,406.16
626,330,16,2,351.7
627,795,49,3,31.02
628,290,6,2,433.39
629,390,55,1,93.62
630,478,36,3,246.31
631,547,72,2,198.94
632,665,34,1,492.27
633,368,17,2,331.33
634,316,21,4,425.02
635,268,75,2,495.58
636,369,33,4,276.23
637,526,1,2,172.02
638,904,43,1,340.56
639,510,60,4,495.21
640,478,91,5,380.07
641,101,20,4,198.58
642,823,6,1,266.28
643,740,20,4,145.1
644,481,42,2,349.71
645,780,77,2,101.57
646,860,7,5,428.84
647,328,100,4,199.92
648,937,81,2,69.8
649,209,79,4,377.37
650,380,85,3,292.29
651,321,39,2,403.51
652,424,63,4,425.66
653,47,74,2,356.25
654,577,71,3,231.48
655,885,46,3,86.03
656,227,10,2,73.09
657,760,91,3,349.5
658,150,41,2,149.09
659,17,68,1,76.69
660,268,29,5,112.98
661,567,24,1,375.45
662,958,67,3,368.98
663,599,9,2,9.52
664,594,65,1,364.35
665,738,21,4,289.96
666,428,54,4,340.77
667,303,70,4,494.3
668,157,69,2,78.06
669,201,52,3,475.45
670,338,12,2,216.42
671,236,45,3,421.62
672,389,29,5,463.36
673,584,28,2,52.54
674,854,85,5,487.21
675,252,43,2,93.92
676,512,43,5,30.97
677,564,47,5,490.24
678,671,38,2,326.8
679,967,28,1,298.73
680,702,97,4,485.01
681,346,80,5,315.35
682,264,68,4,204.98
683,782,61,2,21.83
684,842,72,5,124.22
685,501,97,4,246.87
686,990,84,4,345.55
687,741,2,3,477.5
688,658,15,1,328.13
689,758,86,4,190.81
690,503,45,2,347.44
691,472,58,2,398.69
692,173,31,3,330.97
693,751,83,4,389.98
694,815,79,5,433.12
695,361,80,2,326.9
696,174,32,5,141.23
697,144,6,2,328.33
698,738,88,5,186.82
699,560,42,1,64.4
700,501,49,4,45.91
701,189,15,1,247.16
702,939,50,1,336.05
703,911,33,4,257.33
704,556,70,5,16.4
705,658,93,1,288.63
706,981,37,4,288.45
707,61,4,5,140.49
708,537,67,4,373.95
709,35,99,4,398.2
710,860,48,1,94.64
711,868,66,4,244.67
712,77,66,4,324.08
713,968,58,2,219.66
714,838,63,1,287.85
715,685,6,5,54.22
716,50,38,1,36.43
717,783,84,4,454.9
718,7,25,2,398.64
719,423,42,2,96.52
720,141,66,3,407.37
721,863,11,3,14.77
722,646,13,2,280.25
723,237,22,1,270.53
724,70,99,1,407.04
725,725,69,4,246.84
726,155,69,3,261.86
727,10,1,2,294.44
728,224,81,4,358.31
729,518,9,5,396.08
730,467,27,5,66.42
731,383,86,1,377.73
732,62,81,4,483.01
733,633,100,4,449.31
734,654,28,2,94.43
735,683,88,4,301.56
736,957,55,2,94.07
737,632,14,3,279.59
738,935,27,4,401.25
739,495,69,1,65.91
740,676,90,1,68.76
741,500,95,4,107.08
742,17,100,3,84.8
743,7,56,5,283.44
744,545,83,1,426.47
745,565,10,3,22.33
746,422,96,4,490.06
747,13,88,3,255.54
748,18,20,5,184.96
749,543,4,5,274.49
750,740,59,5,214.41
751,282,92,2,472.89
752,549,43,1,5.04
753,294,5,5,153.8
754,18,12,3,473.38
755,515,10,1,262.12
756,833,7,5,392.49
757,715,23,3,331.28
758,691,33,1,225.24
759,441,72,1,290.65
760,826,10,4,349.08
761,963,74,3,263.72
762,932,30,4,493.08
763,184,34,5,179.3
764,110,53,1,271.41
765,941,50,3,108.87
766,99,58,3,54.01
767,537,81,2,410.78
768,153,52,5,122.36
769,247,56,1,98.1
770,197,41,5,153.36
771,635,3,2,417.15
772,540,50,2,478.92
773,259,87,3,303.06
774,835,16,2,111.94
775,363,69,5,182.74
776,274,1,1,68.6
777,815,83,4,313.04
778,407,93,5,41.81
779,81,80,2,131.21
780,383,9,2,193.98
781,983,97,3,452.31
782,416,96,3,203.03
783,471,75,3,46.21
784,579,6,5,130.82
785,250,90,4,215.54
786,714,10,3,348.79
787,232,46,1,270.27
788,308,65,1,39.93
789,701,14,3,367.67
790,848,38,3,497.7
791,869,88,4,349.92
792,83,39,4,100.35
793,670,78,5,189.21
794,879,12,5,330.37
795,666,37,1,411.15
796,778,98,4,304.45
797,33,57,5,212.74
798,96,49,5,80.98
799,416,51,3,496.26
800,389,85,4,219.65
801,387,4,5,17.83
802,566,61,3,303.79
803,488,21,1,43.37
804,58,69,2,66.69
805,653,29,4,59.45
806,10,18,1,276.44
807,720,96,1,37.65
808,176,51,4,321.89
809,85,70,2,184.6
810,512,38,3,170.09
811,866,82,1,140.26
812,445,19,1,435.08
813,661,39,2,116.75
814,804,87,3,9.88
815,340,94,1,191.69
816,580,83,2,484.54
817,879,48,4,192.42
818,998,2,2,56.98
819,98,71,2,463.19
820,917,72,5,91.99
821,541,19,1,365.52
822,942,16,3,156.74
823,44,6,4,411.56
824,236,1,5,247.36
825,217,74,2,266.84
826,923,77,4,351.73
827,889,51,3,433.37
828,709,69,4,278.01
829,909,71,4,305.7
830,581,11,1,448.8
831,487,40,3,89.52
832,278,27,2,473.52
833,48,96,1,197.83
834,947,95,1,175.86
835,77,93,2,371.94
836,701,45,5,484.16
837,948,28,3,268.18
838,288,53,4,299.34
839,921,83,5,425.57
840,557,66,3,241.05
841,578,19,3,68.15
842,674,21,4,9.7
843,34,24,5,259.21
844,184,29,5,81.97
845,952,79,5,67.55
846,871,33,4,192.51
847,323,25,4,369.03
848,17,15,3,31.17
849,985,24,5,364.08
850,213,86,2,487.38
851,602,73,3,355.21
852,148,7,2,128.31
853,771,97,3,306.31
854,841,71,2,354.86
855,730,60,4,95.64
856,841,83,3,493.19
857,408,71,3,400.24
858,952,10,1,253.6
859,79,38,2,141.53
860,307,86,3,216.74
861,167,9,3,471.13
862,578,33,4,441.29
863,247,13,2,407.94
864,581,26,5,156.07
865,855,93,2,429.67
866,870,75,5,473.99
867,399,63,3,206.22
868,694,43,2,159.8
869,919,46,2,49.62
870,554,17,2,44.34
871,340,86,2,366.33
872,394,84,2,472.71
873,774,31,1,86.73
874,758,13,1,33.42
875,144,37,3,372.99
876,810,80,5,279.31
877,706,9,2,248.96
878,742,25,4,437.8
879,81,41,3,481.27
880,513,63,3,214.87
881,764,58,2,256.8
882,998,43,2,366.74
883,355,79,5,242.43
884,55,85,1,259.93
885,101,40,3,498.99
886,448,89,3,444.6
887,238,75,2,350.45
888,859,20,3,205.71
889,78,73,4,310.06
890,349,73,5,455.89
891,620,47,2,374.23
892,788,41,5,358.51
893,629,55,3,352.78
894,978,22,1,376.09
895,610,1,1,125.89
896,407,41,4,370.8
897,993,32,4,475.68
898,793,29,2,412.56
899,335,92,4,440.76
900,31,95,3,266.42
901,650,83,2,306.55
902,280,56,1,305.65
903,803,36,5,482.5
904,462,47,5,338.89
905,503,18,3,441.56
906,234,87,3,264.14
907,365,94,4,116.41
908,567,43,3,42.19
909,964,62,5,420.51
910,385,60,2,259.27
911,443,58,5,476.48
912,191,46,4,214.25
913,697,100,3,192.65
914,600,40,1,189.78
915,677,63,4,61.05
916,390,71,1,457.45
917,88,14,2,128.63
918,791,23,5,271.86
919,634,83,1,384.37
920,303,78,3,63.34
921,818,11,1,153.09
922,253,36,4,150.3
923,731,18,5,110.47
924,76,69,2,370.32
925,85,26,4,286.58
926,275,34,3,112.64
927,158,94,1,155.89
928,390,81,3,466.89
929,729,10,1,323.27
930,803,94,5,413.74
931,650,10,2,22.54
932,158,3,5,234.21
933,758,65,5,310.79
934,399,81,2,246.69
935,325,4,3,181.09
936,370,75,2,309.69
937,110,75,1,167.63
938,94,52,1,180.18
939,6,99,5,7.55
940,966,76,4,445.65
941,316,28,1,97.15
942,456,5,5,180.49
943,369,71,4,55.16
944,780,34,2,248.56
945,277,70,4,46.95
946,105,70,3,259.59
947,136,61,5,81.09
948,90,84,5,66.3
949,192,100,5,246.27
950,442,20,1,82.04
951,460,47,3,330.03
952,571,51,4,116.92
953,569,29,2,200.7
954,525,99,4,153.15
955,418,76,3,217.03
956,106,94,4,95.18
957,27,38,3,406.71
958,92,18,1,58.8
959,363,60,3,222.09
960,568,65,3,420.48
961,96,66,3,85.11
962,612,12,3,180.1
963,613,51,4,219.81
964,804,47,5,182.82
965,333,65,1,435.9
966,885,2,2,103.24
967,395,85,4,98.84
968,13,31,4,24.93
969,299,79,4,200.3
970,424,88,3,373.24
971,398,22,2,450.99
972,798,97,4,84.35
973,87,66,4,103.5
974,743,18,2,242.25
975,923,58,5,334.3
976,573,21,5,136.57
977,927,23,1,213.44
978,249,73,2,277.31
979,586,73,2,400.91
980,534,85,3,358.59
981,174,19,4,165.82
982,702,95,5,383.37
983,390,94,3,441.47
984,174,62,1,253.42
985,143,46,5,462.16
986,276,6,4,422.32
987,309,29,1,197.48
988,275,98,1,59.32
989,505,63,4,58.4
990,150,30,3,15.47
991,65,9,4,81.99
992,172,34,2,252.5
993,446,48,5,384.86
994,283,30,4,122.07
995,432,6,5,340.76
996,307,86,2,174.36
997,496,27,2,488.34
998,802,67,2,370.03
999,79,47,4,219.99
1000,370,50,3,148.29
1001,258,61,5,245.53
1002,967,59,4,381.65
1003,253,6,1,127.63
1004,739,6,3,80.49
1005,641,84,5,258.06
1006,508,42,3,128.49
1007,609,14,4,384.53
1008,632,91,5,432.76
1009,201,67,4,497.16
1010,469,82,2,127.44
1011,110,36,1,411.2
1012,139,95,1,103.21
1013,312,34,2,354.7
1014,7,75,3,405.93
1015,972,70,3,352.07
1016,406,73,4,253.66
1017,341,23,1,94.69
1018,862,49,3,496.31
1019,636,84,4,297.64
1020,390,49,2,319.07
1021,824,47,4,118.55
1022,883,76,2,70.49
1023,338,84,1,23.99
1024,451,10,1,495.25
1025,343,67,3,464.9
1026,441,33,4,216.02
1027,836,49,1,310.15
1028,844,29,5,50.01
1029,881,67,3,30.22
1030,667,52,5,206.61
1031,998,46,4,156.69
1032,609,45,5,318.49
1033,140,63,4,119.56
1034,308,62,3,171.41
1035,329,78,4,242.2
1036,618,1,1,257.38
1037,971,65,3,323.72
1038,712,18,5,155.62
1039,206,57,5,138.28
1040,491,22,1,143.88
1041,322,30,3,178.76
1042,182,10,2,211.95
1043,988,66,5,163.32
1044,408,83,1,28.54
1045,992,36,2,25.24
1046,327,28,3,30.8
1047,299,20,4,373.65
1048,753,24,2,109.93
1049,712,21,3,238.67
1050,649,47,2,454.7
1051,503,78,1,54.88
1052,991,92,3,96.5
1053,590,16,3,474.42
1054,801,85,4,184.97
1055,249,30,3,155.66
1056,334,54,1,52.96
1057,386,43,3,11.76
1058,288,93,3,278.13
1059,837,15,5,431.68
1060,805,62,1,168.95
1061,403,87,5,371.94
1062,374,62,2,183.89
1063,117,62,2,390.51
1064,955,27,1,266.79
1065,578,76,5,188.94
1066,205,21,2,326.87
1067,607,83,5,108.97
1068,559,53,3,195.1
1069,185,3,3,444.16
1070,699,32,3,69.59
1071,787,6,3,372.58
1072,564,17,3,64.58
1073,28,74,1,295.35
1074,976,76,5,456.53
1075,745,21,5,328.91
1076,473,18,3,99.26
1077,966,81,2,353.81
1078,726,66,1,463.12
1079,215,6,2,42.07
1080,449,74,5,275.56
1081,817,19,3,174.73
1082,299,8,3,364.05
1083,852,22,4,494.87
1084,710,34,4,104.99
1085,71,24,3,361.78
1086,839,67,2,26.69
1087,869,52,1,99.89
1088,815,77,2,277.5
1089,815,73,2,130.0
1090,419,82,5,439.15
1091,690,3,2,427.45
1092,512,93,2,453.87
1093,143,94,5,487.69
1094,649,85,5,447.98
1095,311,37,5,227.0
1096,248,11,5,360.08
1097,259,28,5,455.87
1098,675,58,1,38.52
1099,158,78,4,212.41
1100,733,61,4,466.01
1101,434,62,1,254.42
1102,809,22,1,15.83
1103,387,29,2,301.58
1104,76,53,1,349.87
1105,460,77,4,68.82
1106,613,19,3,27.5
1107,491,75,3,285.26
1108,597,99,3,398.22
1109,411,24,2,348.43
1110,548,80,4,371.65
1111,519,85,5,201.76
1112,946,66,5,343.92
1113,943,34,3,435.78
1114,891,22,2,485.91
1115,709,93,3,86.93
1116,429,88,1,376.61
1117,557,44,1,195.15
1118,38,59,2,390.79
1119,810,77,2,203.42
1120,992,76,2,139.39
1121,369,9,2,96.11
1122,719,30,3,84.2
1123,917,49,2,112.81
1124,832,50,2,349.88
1125,550,17,2,440.18
1126,609,14,1,396.37
1127,654,3,4,230.44
1128,937,26,1,355.34
1129,88,67,1,264.91
1130,112,65,1,155.19
1131,788,88,4,114.07
1132,255,54,4,355.59
1133,674,20,1,278.31
1134,681,78,2,89.7
1135,364,13,1,27.58
1136,171,23,1,122.92
1137,663,61,5,24.35
1138,628,79,5,78.33
1139,46,77,1,442.38
1140,577,5,4,463.99
1141,661,69,1,138.87
1142,694,65,3,396.36
1143,663,97,1,322.99
1144,410,16,1,128.26
1145,991,12,3,412.59
1146,771,62,1,269.62
1147,340,85,1,5.69
1148,989,17,1,176.99
1149,816,78,5,304.55
1150,441,70,2,187.71
1151,109,1,5,46.21
1152,11,100,2,354.2
1153,101,87,2,276.89
1154,265,84,3,362.43
1155,228,56,1,207.13
1156,523,67,1,307.68
1157,765,54,2,165.69
1158,532,48,3,33.35
1159,572,6,5,408.88
1160,595,90,3,412.85
1161,705,68,3,113.54
1162,590,55,2,482.79
1163,227,30,5,92.48
1164,457,62,5,485.94
1165,384,99,2,271.01
1166,401,49,5,489.49
1167,475,45,5,390.2
1168,791,76,1,391.35
1169,696,95,1,57.69
1170,603,98,5,374.16
1171,708,90,1,194.08
1172,513,74,5,328.64
1173,155,13,2,435.66
1174,354,55,2,318.98
1175,26,18,3,277.68
1176,495,33,2,409.34
1177,108,62,5,114.22
1178,303,99,1,138.05
1179,426,30,1,292.92
1180,943,11,2,404.83
1181,985,37,5,377.68
1182,88,77,4,82.04
1183,119,70,3,119.7
1184,852,53,5,364.51
1185,964,33,2,187.48
1186,748,25,4,451.57
1187,146,1,1,51.38
1188,357,91,2,94.85
1189,320,96,3,96.59
1190,352,1,4,431.86
1191,467,74,4,98.49
1192,804,67,2,247.81
1193,212,16,5,366.09
1194,534,67,2,325.54
1195,495,1,4,15.42
1196,357,49,1,85.64
1197,488,84,3,92.98
1198,100,27,1,200.13
1199,449,89,4,305.87
1200,740,41,1,39.38
1201,714,53,5,40.66
1202,464,47,2,126.4
1203,327,14,4,455.02
1204,69,20,3,485.34
1205,308,55,3,54.62
1206,46,84,5,265.76
1207,830,75,1,364.75
1208,728,33,1,404.96
1209,118,34,3,303.63
1210,24,69,4,192.05
1211,870,55,1,15.25
1212,352,73,4,414.15
1213,664,47,3,382.91
1214,112,79,4,324.02
1215,694,36,5,26.65
1216,820,88,3,127.93
1217,169,51,4,46.38
1218,953,97,2,75.6
1219,759,27,5,315.56
1220,250,53,4,11.68
1221,529,71,3,483.35
1222,179,72,4,479.02
1223,566,62,2,57.64
1224,164,23,1,369.39
1225,339,48,4,172.5
1226,574,72,3,355.19
1227,437,72,2,105.15
1228,982,62,1,242.81
1229,474,33,4,283.61
1230,238,40,1,224.94
1231,817,74,4,85.76
1232,415,45,4,169.22
1233,645,100,5,81.48
1234,189,91,1,32.66
1235,191,51,1,347.56
1236,656,95,2,315.61
1237,674,18,4,65.92
1238,443,85,4,413.34
1239,406,16,5,55.89
1240,30,96,1,151.89
1241,756,30,2,258.21
1242,629,58,1,419.06
1243,905,90,3,75.21
1244,203,21,2,456.52
1245,461,13,3,16.88
1246,607,28,2,216.43
1247,440,66,5,77.95
1248,399,52,4,329.41
1249,5,44,1,116.81
1250,722,71,2,440.1
1251,220,79,4,195.45
1252,211,90,4,442.69
1253,286,88,3,412.28
1254,771,91,5,60.64
1255,721,7,5,88.93
1256,829,21,3,59.52
1257,816,50,4,55.36
1258,65,82,3,478.15
1259,592,1,4,181.87
1260,105,12,5,309.77
1261,819,19,4,63.58
1262,893,61,4,462.04
1263,550,77,5,460.34
1264,192,56,3,448.32
1265,375,12,2,304.23
1266,334,9,4,93.14
1267,202,34,1,267.59
1268,469,29,1,301.81
1269,117,48,3,341.32
1270,269,11,4,79.36
1271,687,78,4,335.3
1272,884,5,2,154.27
1273,502,93,2,409.69
1274,541,50,1,177.45
1275,990,52,1,56.44
1276,655,79,1,458.54
1277,321,84,1,332.56
1278,612,67,4,466.78
1279,398,37,1,406.31
1280,626,92,2,357.1
1281,402,77,4,42.8
1282,602,8,5,6.08
1283,117,100,3,466.88
1284,357,23,2,78.58
1285,361,82,3,329.65
1286,866,64,5,163.53
1287,469,57,5,198.35
1288,633,2,1,362.07
1289,177,26,1,393.85
1290,834,85,5,241.82
1291,690,67,4,38.32
1292,723,37,4,291.03
1293,820,25,2,479.99
1294,305,5,3,142.85
1295,941,77,4,49.77
1296,630,66,4,497.41
1297,605,67,5,95.03
1298,87,90,3,195.58
1299,689,30,5,163.06
1300,138,79,3,214.8
1301,321,22,5,348.24
1302,121,87,5,209.9
1303,245,5,1,397.78
1304,313,47,1,170.07
1305,120,31,4,402.06
1306,188,84,1,328.71
1307,383,1,4,126.72
1308,711,21,4,212.24
1309,145,12,3,251.07
1310,524,36,4,269.22
1311,398,100,4,268.57
1312,429,52,4,411.6
1313,611,46,1,195.39
1314,142,86,1,292.58
1315,589,51,2,213.81
1316,393,52,5,291.05
1317,434,76,3,348.28
1318,191,26,2,375.4
1319,499,67,4,353.03
1320,651,2,4,121.42
1321,551,95,2,6.42
1322,711,91,3,496.98
1323,942,9,4,13.49
1324,661,12,4,281.4
1325,954,71,1,479.02
1326,178,37,5,460.85
1327,569,93,4,34.49
1328,171,72,5,177.93
1329,502,75,5,425.13
1330,296,45,5,434.05
1331,144,45,4,410.41
1332,192,36,4,150.88
1333,323,29,5,76.35
1334,863,78,2,427.39
1335,462,25,5,486.05
1336,635,59,1,456.91
1337,55,52,4,125.04
1338,887,74,3,414.77
1339,368,1,4,32.65
1340,975,34,5,73.21
1341,10,23,4,481.22
1342,497,53,5,353.46
1343,140,65,3,191.84
1344,200,14,3,18.04
1345,835,72,3,482.63
1346,394,10,1,188.98
1347,987,65,1,352.19
1348,576,38,5,333.06
1349,518,44,1,41.52
1350,669,15,2,419.53
1351,507,66,3,435.89
1352,419,33,3,19.94
1353,702,69,5,185.8
1354,504,74,1,44.1
1355,426,33,3,43.15
1356,728,89,4,286.75
1357,861,57,1,407.79
1358,455,49,4,79.11
1359,501,73,3,95.3
1360,172,62,3,373.06
1361,85,99,4,375.31
1362,579,32,3,350.79
1363,32,97,1,153.26
1364,815,44,2,208.7
1365,780,100,2,171.98
1366,226,59,2,391.79
1367,300,88,3,349.15
1368,34,59,5,146.95
1369,282,76,1,82.16
1370,231,4,1,441.17
1371,551,62,3,20.9
1372,296,15,1,376.81
1373,173,34,3,254.13
1374,800,9,2,10.38
1375,469,49,1,417.18
1376,580,82,5,341.55
1377,761,29,3,438.61
1378,792,87,1,279.31
1379,785,90,4,415.61
1380,508,30,4,459.98
1381,563,41,5,253.43
1382,524,53,5,356.13
1383,116,46,4,214.72
1384,587,67,3,82.62
1385,117,69,1,486.7
1386,275,2,4,263.14
1387,794,90,5,489.07
1388,557,34,1,66.94
1389,844,32,3,109.87
1390,376,37,4,311.43
1391,556,12,5,113.36
1392,843,52,4,95.93
1393,775,87,3,374.27
1394,43,96,5,281.85
1395,779,44,1,421.65
1396,737,10,4,409.2
1397,452,71,1,236.88
1398,560,23,2,160.03
1399,224,61,3,322.74
1400,436,41,4,414.49
1401,105,46,5,86.59
1402,754,28,3,402.65
1403,850,74,2,325.09
1404,670,35,5,101.39
1405,770,24,3,58.66
1406,254,96,3,43.52
1407,305,88,4,303.58
1408,896,25,2,424.07
1409,34,64,4,18.88
1410,461,95,1,144.69
1411,270,26,5,273.08
1412,357,31,2,37.33
1413,883,95,3,300.57
1414,837,31,3,379.48
1415,90,34,1,158.01
1416,450,27,3,278.09
1417,887,30,5,321.0
1418,121,26,4,21.02
1419,795,32,2,138.24
1420,832,80,5,488.45
1421,243,46,1,284.57
1422,215,20,5,284.05
1423,831,100,1,396.16
1424,756,14,5,27.61
1425,603,16,3,160.72
1426,706,11,3,472.04
1427,360,87,1,9.2
1428,882,85,5,181.54
1429,728,64,5,144.79
1430,625,79,4,202.08
1431,648,1,4,101.47
1432,439,98,2,377.16
1433,170,70,3,364.22
1434,631,6,1,487.06
1435,143,62,3,352.82
1436,804,48,5,53.2
1437,212,80,3,206.61
1438,834,41,4,372.02
1439,212,64,5,55.0
1440,825,74,3,404.71
1441,61,36,2,79.34
1442,584,63,4,295.65
1443,360,24,4,194.15
1444,546,98,3,295.25
1445,288,66,5,426.75
1446,612,36,5,148.61
1447,552,51,4,80.01
1448,173,29,5,234.24
1449,332,97,2,443.18
1450,721,74,1,51.18
1451,300,17,5,360.64
1452,297,7,2,442.78
1453,587,68,5,404.7
1454,274,55,4,328.84
1455,976,62,2,385.57
1456,879,70,4,84.72
1457,527,5,3,482.02
1458,922,65,5,260.57
1459,696,45,5,365.72
1460,835,51,4,327.44
1461,98,88,5,465.46
1462,139,100,1,174.0
1463,986,23,5,393.75
1464,769,59,2,172.82
1465,805,16,3,183.36
1466,422,90,4,428.7
1467,941,67,2,218.3
1468,61,59,2,445.89
1469,284,41,2,388.22
1470,888,89,3,196.88
1471,672,2,4,108.37
1472,130,2,4,307.14
1473,719,87,3,42.12
1474,887,27,1,80.44
1475,136,49,2,315.76
1476,256,75,4,251.27
1477,150,13,3,403.34
1478,729,42,3,75.6
1479,330,47,2,435.88
1480,849,79,3,275.83
1481,254,34,5,484.63
1482,780,24,2,391.82
1483,864,71,4,48.15
1484,693,34,2,51.59
1485,403,31,1,160.29
1486,502,35,2,467.36
1487,146,61,2,84.93
1488,592,79,1,143.66
1489,648,44,2,184.85
1490,276,47,3,49.17
1491,643,24,4,93.7
1492,425,64,4,387.11
1493,385,55,5,132.68
1494,463,27,4,239.26
1495,78,54,4,131.73
1496,649,90,1,438.95
1497,814,97,2,326.89
1498,902,48,2,74.52
1499,788,47,3,66.36
1500,96,52,2,286.52
1501,413,36,1,24.6
1502,528,58,3,430.21
1503,768,24,3,203.46
1504,285,74,5,429.22
1505,712,17,2,458.98
1506,959,74,1,68.85
1507,899,88,4,186.53
1508,378,30,1,423.19
1509,466,13,1,476.26
1510,974,93,1,189.97
1511,500,35,3,342.69
1512,336,31,5,255.44
1513,596,72,3,135.1
1514,3,56,1,438.39
1515,890,49,4,342.87
1516,793,26,3,312.2
1517,868,19,1,323.71
1518,751,95,4,371.82
1519,96,20,2,126.18
1520,749,61,2,411.51
1521,996,2,1,8.93
1522,470,23,5,427.26
1523,651,54,5,148.88
1524,681,64,1,83.31
1525,715,18,5,202.64
1526,367,81,5,41.12
1527,871,67,5,197.17
1528,65,69,3,233.83
1529,815,93,4,51.28
1530,548,41,1,235.61
1531,408,63,2,323.03
1532,224,39,5,450.56
1533,992,33,1,235.1
1534,440,72,3,47.48
1535,845,73,3,367.23
1536,217,7,5,459.14
1537,507,51,4,461.63
1538,275,13,2,385.27
1539,331,89,4,103.74
1540,849,21,2,167.72
1541,291,8,2,162.06
1542,346,28,1,498.24
1543,561,33,2,245.72
1544,592,61,2,352.63
1545,134,81,3,240.73
1546,580,13,4,142.8
1547,873,58,4,23.95
1548,497,96,3,82.09
1549,808,43,5,237.63
1550,352,34,1,321.91
1551,916,47,4,163.49
1552,699,47,5,20.51
1553,781,72,3,302.53
1554,50,72,1,193.24
1555,48,33,3,468.55
1556,102,45,5,183.94
1557,642,3,4,217.9
1558,803,53,4,239.34
1559,857,16,2,31.77
1560,471,45,3,434.67
1561,17,87,2,476.56
1562,128,78,3,343.42
1563,952,26,4,138.57
1564,879,74,3,319.67
1565,162,74,3,46.38
1566,452,84,1,39.28
1567,468,84,5,205.51
1568,1,69,1,152.68
1569,982,23,1,357.54
1570,439,100,2,436.29
1571,208,37,3,264.77
1572,706,46,5,336.47
1573,932,42,4,133.43
1574,136,87,3,416.12
1575,904,66,3,50.76
1576,666,63,1,451.31
1577,310,100,5,174.3
1578,163,95,2,377.82
1579,896,58,4,86.44
1580,956,11,4,177.89
1581,898,49,1,212.46
1582,281,79,4,240.37
1583,96,37,3,345.97
1584,671,60,3,84.54
1585,370,81,1,349.86
1586,257,19,2,180.57
1587,85,22,3,347.99
1588,381,82,2,197.62
1589,681,44,2,9.92
1590,926,54,4,392.62
1591,665,81,3,300.58
1592,170,79,4,43.52
1593,54,74,1,335.64
1594,406,52,3,310.17
1595,641,10,1,165.25
1596,313,11,4,493.25
1597,744,21,4,469.79
1598,717,44,4,372.7
1599,774,30,3,369.68
1600,240,41,4,161.68
1601,440,41,1,79.5
1602,672,84,2,232.04
1603,94,38,3,78.01
1604,721,91,5,432.83
1605,98,35,1,61.24
1606,2,78,3,485.14
1607,219,83,4,206.16
1608,489,51,5,262.74
1609,80,35,5,6.82
1610,136,57,3,228.03
1611,608,100,4,417.09
1612,232,47,1,67.23
1613,532,96,1,227.42
1614,697,76,2,484.88
1615,456,67,4,53.24
1616,10,58,2,113.22
1617,9,53,1,489.62
1618,713,22,4,212.99
1619,352,24,2,275.31
1620,837,3,3,87.22
1621,124,17,3,191.89
1622,881,94,5,177.3
1623,433,31,1,476.43
1624,711,85,1,486.01
1625,136,33,2,290.53
1626,490,96,2,12.11
1627,73,90,5,407.82
1628,235,96,2,13.01
1629,393,11,5,448.84
1630,92,27,4,253.53
1631,749,22,3,434.54
1632,826,51,4,351.16
1633,105,14,4,326.21
1634,106,13,2,230.72
1635,321,9,3,208.14
1636,377,61,2,179.34
1637,903,71,5,273.52
1638,307,7,3,263.97
1639,141,4,3,383.72
1640,392,99,2,61.12
1641,793,51,1,92.03
1642,833,68,4,217.05
1643,772,98,3,92.56
1644,896,11,2,299.47
1645,137,14,4,273.67
1646,657,34,4,193.87
1647,694,80,5,423.32
1648,147,20,2,345.83
1649,71,11,1,221.56
1650,544,84,1,145.21
1651,577,50,5,312.09
1652,9,40,5,462.94
1653,625,30,2,429.21
1654,666,32,1,497.7
1655,169,95,4,403.94
1656,451,37,2,56.39
1657,360,57,3,326.56
1658,740,81,2,310.05
1659,219,17,1,208.58
1660,644,17,4,250.72
1661,767,68,5,377.1
1662,156,22,4,463.98
1663,942,4,5,54.35
1664,422,5,3,224.83
1665,631,85,2,292.71
1666,704,46,1,21.15
1667,454,42,3,148.5
1668,881,61,2,213.22
1669,223,60,5,115.33
1670,89,70,1,230.04
1671,919,35,1,193.63
1672,103,71,5,101.8
1673,144,57,4,237.44
1674,771,18,4,66.6
1675,127,90,4,483.97
1676,604,70,1,457.44
1677,748,23,2,209.4
1678,394,76,2,411.11
1679,360,77,2,353.4
1680,987,59,3,371.87
1681,440,81,3,8.76
1682,323,96,4,190.45
1683,811,82,4,115.85
1684,144,73,2,145.38
1685,254,56,4,440.41
1686,284,68,2,135.93
1687,661,82,5,420.05
1688,87,82,2,398.59
1689,255,69,3,210.28
1690,567,40,2,124.57
1691,616,45,4,450.59
1692,615,62,2,210.21
1693,739,70,4,12.69
1694,623,30,2,80.92
1695,292,12,1,190.33
1696,798,57,3,409.27
1697,964,40,3,410.92
1698,708,47,2,301.97
1699,28,53,5,170.87
1700,869,34,4,479.78
1701,868,20,2,496.45
1702,675,39,3,124.71
1703,897,2,5,486.88
1704,309,1,4,100.37
1705,211,67,1,324.0
1706,531,98,1,415.13
1707,622,18,4,401.66
1708,522,45,2,291.04
1709,194,37,3,68.79
1710,766,61,4,319.96
1711,402,69,2,488.79
1712,303,2,4,90.99
1713,662,89,4,452.56
1714,56,63,5,261.05
1715,803,97,3,221.51
1716,920,62,1,54.29
1717,813,39,1,401.58
1718,978,2,5,254.61
1719,246,99,1,317.56
1720,507,56,1,393.22
1721,396,38,3,422.3
1722,116,77,2,315.52
1723,247,30,4,133.81
1724,512,1,3,278.69
1725,654,71,5,474.61
1726,609,48,5,105.86
1727,73,25,1,51.17
1728,541,53,1,221.52
1729,911,72,3,316.3
1730,13,56,5,298.68
1731,370,51,5,18.77
1732,957,32,4,355.25
1733,325,21,3,460.69
1734,136,92,4,43.99
1735,397,95,3,194.29
1736,882,83,2,372.46
1737,860,50,5,69.62
1738,583,49,1,229.58
1739,431,29,5,317.59
1740,375,34,2,182.27
1741,560,11,3,123.66
1742,700,55,2,449.47
1743,177,81,5,151.98
1744,782,31,4,270.03
1745,483,67,3,126.4
1746,978,98,4,391.11
1747,789,79,2,394.09
1748,75,89,1,386.34
1749,18,88,3,331.33
1750,602,35,5,141.11
1751,70,37,4,467.81
1752,15,84,2,315.58
1753,269,96,3,321.0
1754,221,69,1,291.78
1755,41,35,3,56.19
1756,945,53,1,232.27
1757,62,25,2,299.97
1758,972,9,4,58.0
1759,809,24,3,144.82
1760,408,18,3,447.83
1761,519,38,4,50.92
1762,294,15,3,249.65
1763,644,82,3,183.89
1764,730,59,5,419.97
1765,514,80,3,198.45
1766,786,58,5,248.06
1767,426,35,3,15.87
1768,434,90,4,41.42
1769,719,80,2,479.81
1770,412,63,3,42.77
1771,85,25,4,345.23
1772,656,42,2,190.75
1773,550,3,5,160.22
1774,551,20,4,454.61
1775,631,7,1,405.23
1776,157,69,2,94.0
1777,285,3,2,10.02
1778,86,24,1,93.45
1779,318,14,2,285.81
1780,81,37,2,305.29
1781,524,35,1,20.57
1782,944,17,4,488.08
1783,209,92,3,496.9
1784,998,57,2,244.54
1785,828,94,4,308.93
1786,160,2,4,275.51
1787,550,30,1,83.4
1788,335,12,4,372.14
1789,401,20,1,463.66
1790,601,2,4,100.46
1791,650,64,3,19.63
1792,782,28,5,16.4
1793,855,44,4,258.31
1794,666,54,4,80.41
1795,698,40,4,434.1
1796,659,64,1,61.82
1797,68,48,2,112.39
1798,318,60,1,167.13
1799,716,90,3,113.78
1800,448,5,1,365.23
1801,748,43,2,470.22
1802,977,11,3,137.46
1803,867,97,2,243.38
1804,245,19,2,476.85
1805,60,8,5,177.53
1806,251,35,3,277.99
1807,89,100,5,150.69
1808,947,51,5,373.87
1809,445,10,2,250.42
1810,119,70,5,258.76
1811,465,61,1,202.97
1812,627,24,5,100.56
1813,624,25,5,90.61
1814,57,33,2,345.09
1815,317,49,4,444.22
1816,683,2,1,144.14
1817,760,16,2,199.45
1818,674,99,4,293.91
1819,759,92,1,384.39
1820,180,32,3,159.23
1821,123,50,1,398.08
1822,13,99,3,477.11
1823,725,57,1,246.48
1824,141,32,4,442.01
1825,719,95,3,214.75
1826,12,5,5,374.8
1827,168,26,1,408.87
1828,509,59,3,313.34
1829,976,95,2,305.61
1830,356,99,1,217.51
1831,536,13,1,285.74
1832,530,67,4,190.11
1833,802,86,4,318.19
1834,843,27,4,36.81
1835,739,61,3,87.79
1836,266,50,5,21.71
1837,171,88,1,258.12
1838,381,40,3,295.5
1839,130,42,1,150.27
1840,768,21,5,414.21
1841,800,81,4,324.32
1842,895,94,3,482.75
1843,276,6,5,179.37
1844,751,96,2,19.82
1845,908,71,2,94.05
1846,121,67,1,164.73
1847,790,16,3,396.49
1848,922,33,3,182.08
1849,31,62,1,40.96
1850,344,82,1,330.19
1851,827,39,5,189.12
1852,440,26,5,390.86
1853,279,47,4,65.54
1854,537,7,1,162.7
1855,66,86,4,10.4
1856,270,28,3,167.79
1857,730,15,2,235.36
1858,999,31,2,398.64
1859,591,82,4,449.88
1860,643,56,1,283.01
1861,79,42,1,195.87
1862,509,2,2,302.89
1863,467,22,2,265.99
1864,524,36,4,55.95
1865,369,75,4,142.63
1866,57,16,3,305.91
1867,512,51,2,442.26
1868,880,32,1,430.66
1869,581,2,3,42.04
1870,171,6,4,446.87
1871,377,75,4,213.77
1872,162,89,3,379.32
1873,262,61,5,162.3
1874,792,89,2,163.46
1875,106,77,3,102.58
1876,916,20,1,402.35
1877,588,48,3,251.83
1878,691,99,5,495.18
1879,741,12,2,213.51
1880,119,32,4,66.43
1881,234,21,4,89.71
1882,759,64,4,166.8
1883,522,12,4,194.51
1884,3,88,3,290.32
1885,46,80,5,146.09
1886,880,44,5,323.61
1887,884,98,4,428.77
1888,13,81,1,494.04
1889,251,8,4,456.26
1890,48,8,3,145.76
1891,484,46,5,421.61
1892,373,83,2,204.39
1893,393,20,4,448.44
1894,943,90,4,459.43
1895,154,69,1,24.36
1896,184,14,1,324.16
1897,954,17,5,39.38
1898,984,63,3,52.08
1899,879,30,4,402.24
1900,37,41,2,363.01
1901,567,72,2,140.96
1902,823,83,4,378.08
1903,936,97,5,203.17
1904,732,45,5,280.44
1905,759,57,1,160.02
1906,672,94,3,308.1
1907,430,25,4,199.7
1908,230,3,4,349.75
1909,330,89,1,230.02
1910,255,49,4,425.09
1911,427,46,3,483.74
1912,938,93,2,65.1
1913,738,18,2,190.08
1914,328,33,3,310.9
1915,278,6,2,19.5
1916,846,63,5,28.68
1917,80,91,4,10.15
1918,586,57,3,57.04
1919,382,72,5,164.82
1920,123,38,1,345.36
1921,515,70,5,220.66
1922,690,90,1,89.24
1923,924,63,1,99.62
1924,54,25,5,451.63
1925,184,73,1,187.6
1926,229,24,5,451.93
1927,824,70,4,494.83
1928,529,45,4,467.38
1929,48,42,1,434.67
1930,977,94,4,133.55
1931,411,60,5,393.55
1932,71,36,3,59.85
1933,899,77,3,473.84
1934,477,71,3,42.15
1935,887,21,5,168.02
1936,290,9,1,308.31
1937,793,68,5,407.18
1938,866,20,1,138.61
1939,319,58,1,89.32
1940,336,38,4,73.19
1941,89,34,2,233.04
1942,567,70,2,67.51
1943,468,47,4,431.64
1944,9,59,1,377.75
1945,378,1,1,444.46
1946,206,100,4,483.09
1947,299,82,3,209.58
1948,578,65,3,226.16
1949,804,49,5,65.57
1950,312,94,4,266.16
1951,758,24,4,291.05
1952,638,3,5,332.33
1953,249,80,3,488.29
1954,476,47,3,164.35
1955,378,100,2,366.78
1956,606,80,2,116.79
1957,996,31,2,135.59
1958,506,42,1,151.64
1959,792,93,5,45.98
1960,795,9,3,281.47
1961,201,85,1,437.07
1962,751,69,4,331.44
1963,923,50,5,368.96
1964,560,25,1,106.92
1965,779,68,1,43.62
1966,816,88,4,486.02
1967,252,64,1,34.83
1968,155,99,1,11.5
1969,7,71,2,111.99
1970,955,20,4,410.16
1971,420,79,4,98.02
1972,25,37,4,56.74
1973,239,42,5,108.29
1974,555,53,4,297.31
1975,355,83,3,266.18
1976,652,42,5,429.94
1977,860,15,5,381.44
1978,711,13,3,159.35
1979,899,67,4,229.74
1980,10,85,3,81.23
1981,974,9,1,254.73
1982,344,6,2,457.49
1983,2,17,2,113.3
1984,778,23,1,185.0
1985,674,5,2,487.66
1986,386,26,1,434.59
1987,870,14,1,259.16
1988,756,63,2,391.11
1989,745,25,1,98.04
1990,315,13,2,142.53
1991,107,5,4,86.28
1992,211,74,2,157.04
1993,543,83,2,435.57
1994,244,50,4,325.95
1995,430,85,5,77.91
1996,504,63,2,438.72
1997,985,68,1,373.79
1998,62,80,3,124.08
1999,996,90,4,447.58
2000,146,76,2,97.58
2001,729,33,4,19.15
2002,287,7,4,332.63
2003,96,47,1,229.06
2004,45,29,1,136.46
2005,944,78,2,463.83
2006,238,92,2,46.61
2007,919,10,4,218.58
2008,866,2,4,79.56
2009,533,27,4,253.58
2010,423,84,1,256.42
2011,718,63,4,31.31
2012,918,11,5,139.93
2013,382,60,2,53.42
2014,470,82,2,326.07
2015,998,8,3,367.34
2016,766,47,5,214.18
2017,87,72,4,150.53
2018,595,96,1,204.33
2019,98,54,3,299.05
2020,518,48,1,267.13
2021,137,91,1,249.34
2022,653,8,4,219.61
2023,840,79,4,342.17
2024,404,35,4,324.94
2025,77,68,5,479.69
2026,607,6,5,113.69
2027,582,94,5,31.3
2028,64,10,3,22.67
2029,446,39,1,136.76
2030,679,10,4,37.59
2031,988,28,4,55.01
2032,134,67,4,117.1
2033,243,13,5,312.01
2034,299,13,5,359.33
2035,268,93,5,198.99
2036,872,30,4,55.15
2037,323,69,2,368.29
2038,949,50,1,440.37
2039,821,25,5,137.79
2040,403,25,1,106.82
2041,718,68,4,393.94
2042,852,85,5,177.08
2043,754,32,3,147.56
2044,335,73,5,300.18
2045,326,81,1,368.27
2046,464,23,3,51.65
2047,279,72,4,254.1
2048,240,96,4,351.73
2049,77,72,1,241.0
2050,967,54,4,156.14
2051,208,96,5,453.8
2052,140,14,3,123.12
2053,799,99,4,160.98
2054,789,82,4,39.38
2055,599,74,1,97.74
2056,112,46,2,450.44
2057,160,87,3,75.21
2058,109,59,2,11.3
2059,169,90,4,239.93
2060,461,86,3,170.36
2061,478,55,4,92.87
2062,322,14,2,135.6
2063,417,22,5,43.1
2064,124,24,2,341.21
2065,549,71,5,427.28
2066,367,52,3,299.03
2067,988,65,5,484.92
2068,789,44,4,293.66
2069,213,85,2,246.71
2070,463,21,3,127.52
2071,316,69,4,59.15
2072,475,77,4,410.37
2073,272,57,3,285.8
2074,873,46,4,495.25
2075,123,41,2,418.5
2076,93,71,5,265.01
2077,162,42,2,87.82
2078,827,48,3,77.56
2079,703,53,1,51.49
2080,312,98,4,155.78
2081,847,82,2,369.41
2082,722,56,2,229.05
2083,714,93,2,368.73
2084,618,42,2,494.95
2085,42,78,5,132.38
2086,221,31,4,245.81
2087,856,73,1,185.32
2088,878,70,4,11.71
2089,336,28,4,179.55
2090,152,49,3,356.53
2091,94,99,2,446.23
2092,729,71,2,388.39
2093,255,96,5,429.19
2094,992,33,1,451.57
2095,365,47,1,299.89
2096,406,58,3,60.82
2097,526,58,3,344.46
2098,51,51,3,365.47
2099,694,1,2,15.26
2100,307,93,2,489.43
2101,267,5,5,428.85
2102,840,37,1,331.39
2103,179,77,1,75.11
2104,32,3,3,251.43
2105,975,67,4,125.96
2106,415,18,1,371.8
2107,876,39,5,486.78
2108,464,1,2,182.91
2109,570,39,1,373.46
2110,767,29,5,100.95
2111,564,28,2,477.63
2112,256,41,4,321.17
2113,97,3,3,482.9
2114,474,99,3,439.19
2115,105,89,3,341.01
2116,824,36,1,450.11
2117,813,71,5,227.39
2118,144,66,3,479.36
2119,125,72,2,265.82
2120,13,74,5,136.33
2121,64,74,5,341.14
2122,851,20,1,444.56
2123,800,13,1,198.56
2124,228,5,4,211.56
2125,134,59,4,497.0
2126,203,46,1,158.12
2127,844,20,1,25.34
2128,411,18,5,262.44
2129,382,34,5,174.92
2130,703,47,1,308.12
2131,646,75,5,219.56
2132,961,32,1,230.24
2133,661,30,5,484.24
2134,87,33,1,397.21
2135,597,39,2,147.76
2136,601,12,1,484.89
2137,266,74,2,251.97
2138,940,52,3,344.34
2139,833,73,2,235.83
2140,77,28,3,79.36
2141,23,94,4,483.5
2142,67,10,5,313.78
2143,203,93,4,333.84
2144,925,42,1,155.3
2145,662,62,2,147.69
2146,455,23,3,400.89
2147,829,63,3,12.72
2148,132,89,2,25.27
2149,95,90,1,145.09
2150,927,74,2,298.57
2151,868,13,4,31.33
2152,850,77,4,156.38
2153,829,83,1,218.01
2154,340,39,2,331.83
2155,126,5,4,5.32
2156,44,94,3,129.46
2157,965,74,3,178.36
2158,473,49,5,145.22
2159,52,11,2,430.21
2160,173,100,1,334.34
2161,947,8,3,385.6
2162,588,99,3,81.74
2163,444,43,4,47.57
2164,842,45,3,138.98
2165,742,56,2,497.98
2166,405,54,2,102.38
2167,509,16,5,294.69
2168,31,99,4,44.96
2169,392,30,2,113.33
2170,700,96,2,239.22
2171,437,84,4,180.54
2172,177,78,4,406.8
2173,363,2,4,320.34
2174,220,82,4,214.17
2175,931,100,5,483.62
2176,192,81,3,53.58
2177,282,49,1,134.32
2178,287,7,4,154.5
2179,457,40,2,158.81
2180,905,68,1,284.13
2181,153,6,5,341.07
2182,36,41,1,164.63
2183,629,70,1,291.19
2184,635,73,3,343.24
2185,632,20,3,103.76
2186,252,42,4,72.17
2187,663,65,2,279.37
2188,303,90,4,154.03
2189,511,29,1,47.37
2190,422,20,4,285.5
2191,904,7,1,316.02
2192,564,87,2,275.19
2193,491,94,5,191.1
2194,63,51,1,438.58
2195,90,58,5,221.26
2196,287,97,3,73.61
2197,393,77,4,223.74
2198,141,74,4,160.06
2199,430,65,5,467.77
2200,205,12,3,357.74
2201,659,29,3,236.85
2202,906,56,3,216.7
2203,817,38,1,213.15
2204,539,51,3,208.08
2205,256,19,5,18.7
2206,646,17,5,281.66
2207,822,44,2,478.96
2208,557,11,4,213.35
2209,814,61,4,379.15
2210,20,74,2,309.53
2211,392,96,5,154.68
2212,801,7,5,125.11
2213,731,71,5,258.54
2214,368,52,4,68.0
2215,492,34,3,273.92
2216,558,11,4,284.96
2217,801,52,2,150.2
2218,497,65,3,378.89
2219,353,56,1,199.37
2220,935,100,1,204.46
2221,580,90,5,7.95
2222,515,17,3,404.7
2223,330,98,4,438.08
2224,398,18,2,232.81
2225,277,62,5,31.9
2226,185,72,5,32.07
2227,27,26,3,415.8
2228,327,63,2,326.69
2229,612,51,1,170.07
2230,225,84,5,53.21
2231,31,74,5,148.84
2232,918,26,3,243.33
2233,831,72,5,169.0
2234,798,79,3,35.13
2235,288,95,2,371.53
2236,60,68,1,338.83
2237,829,32,1,370.98
2238,484,32,5,31.25
2239,543,10,5,106.51
2240,367,35,3,76.36
2241,786,100,2,371.51
2242,599,56,3,250.18
2243,239,42,4,115.65
2244,998,88,5,339.46
2245,164,74,1,426.87
2246,103,12,1,153.94
2247,254,15,3,158.89
2248,673,86,3,494.63
2249,247,53,5,8.19
2250,273,55,3,245.05
2251,547,47,1,345.45
2252,836,45,1,61.78
2253,811,25,1,5.02
2254,940,42,4,303.88
2255,755,45,3,64.91
2256,58,77,5,52.95
2257,783,84,1,106.13
2258,971,4,4,239.5
2259,225,99,3,417.2
2260,590,40,2,224.69
2261,867,22,5,32.55
2262,817,45,5,65.3
2263,398,79,5,205.26
2264,364,57,5,491.43
2265,958,80,2,411.03
2266,860,19,3,421.65
2267,866,57,3,275.63
2268,178,6,3,411.73
2269,181,30,5,342.25
2270,243,26,2,430.36
2271,607,88,4,310.49
2272,326,48,5,219.02
2273,826,20,2,319.92
2274,756,97,1,96.48
2275,715,94,3,410.18
2276,368,11,5,330.45
2277,936,15,5,89.53
2278,606,95,2,372.12
2279,29,7,3,275.61
2280,721,32,4,240.7
2281,718,80,1,148.57
2282,361,19,2,335.43
2283,971,37,4,479.75
2284,582,2,4,249.02
2285,578,44,1,335.51
2286,146,89,1,198.64
2287,577,15,1,350.34
2288,972,40,4,58.13
2289,193,58,2,211.36
2290,857,61,4,215.29
2291,830,3,2,18.85
2292,903,43,4,231.26
2293,994,27,1,284.28
2294,505,95,3,10.45
2295,556,69,5,154.87
2296,317,28,4,324.33
2297,180,27,5,447.14
2298,503,70,5,311.84
2299,39,67,5,26.1
2300,93,97,4,453.99
2301,58,34,3,481.58
2302,239,71,5,236.61
2303,617,62,4,362.92
2304,225,80,4,142.07
2305,21,94,4,490.97
2306,540,19,4,182.09
2307,490,89,4,428.64
2308,1,90,2,254.09
2309,340,86,2,177.67
2310,940,3,5,354.58
2311,629,49,2,198.36
2312,207,75,4,36.07
2313,826,85,4,329.68
2314,134,68,2,179.17
2315,349,6,5,361.01
2316,735,33,5,172.95
2317,182,22,1,359.02
2318,941,8,2,394.41
2319,822,37,4,142.78
2320,865,26,4,382.49
2321,890,90,1,154.95
2322,332,80,2,199.99
2323,61,35,5,458.5
2324,23,7,3,324.34
2325,152,60,1,191.38
2326,601,84,5,238.52
2327,722,2,4,331.19
2328,940,9,1,290.14
2329,146,50,1,464.07
2330,793,85,3,388.82
2331,114,35,5,265.09
2332,867,85,3,69.06
2333,539,85,1,165.42
2334,882,47,5,477.82
2335,374,14,2,177.31
2336,984,3,1,310.65
2337,75,38,3,204.87
2338,383,84,3,27.24
2339,722,50,3,426.76
2340,965,30,3,83.79
2341,679,49,3,52.79
2342,406,66,4,57.58
2343,601,91,1,467.45
2344,104,13,2,240.82
2345,345,41,2,381.16
2346,310,63,5,490.76
2347,331,77,4,405.23
2348,140,69,1,367.66
2349,1000,12,3,122.13
2350,162,24,3,450.4
2351,750,26,2,91.13
2352,972,65,2,446.77
2353,448,59,4,379.13
2354,811,72,1,212.93
2355,655,92,1,36.86
2356,984,3,5,307.89
2357,499,6,3,61.66
2358,665,32,1,424.17
2359,325,68,1,41.08
2360,179,40,4,382.86
2361,725,43,4,305.23
2362,992,63,5,421.14
2363,576,51,3,462.16
2364,711,96,5,163.97
2365,911,21,4,350.87
2366,952,3,3,191.93
2367,629,45,4,494.49
2368,806,88,4,289.02
2369,366,46,5,103.87
2370,229,46,2,129.98
2371,682,81,2,221.57
2372,604,39,5,146.61
2373,835,31,4,104.59
2374,180,65,4,85.23
2375,388,36,4,407.85
2376,315,8,2,405.29
2377,752,81,3,100.19
2378,706,33,1,293.14
2379,302,50,5,316.41
2380,131,4,5,335.99
2381,182,72,4,105.75
2382,747,36,4,405.95
2383,2,29,2,447.18
2384,972,20,4,182.98
2385,719,44,3,206.97
2386,972,51,5,275.56
2387,587,85,1,40.62
2388,401,18,4,96.73
2389,872,12,3,366.34
2390,790,94,1,455.94
2391,989,49,2,322.91
2392,582,67,1,250.61
2393,34,87,5,417.04
2394,187,79,3,287.33
2395,617,81,5,239.5
2396,326,88,1,179.29
2397,944,30,5,311.15
2398,829,54,1,281.56
2399,991,31,2,73.25
2400,627,74,5,38.24
2401,227,20,5,216.62
2402,655,55,5,191.18
2403,580,40,1,40.08
2404,107,78,5,43.68
2405,960,43,5,392.28
2406,509,58,2,152.62
2407,145,70,4,63.37
2408,340,17,5,119.13
2409,764,27,1,302.74
2410,80,84,1,168.81
2411,244,18,5,115.89
2412,356,75,2,470.61
2413,328,70,1,461.53
2414,172,88,3,129.43
2415,652,26,2,353.12
2416,907,18,2,38.64
2417,987,40,5,436.38
2418,91,89,4,484.22
2419,842,91,1,42.01
2420,726,68,5,289.8
2421,687,18,5,427.33
2422,655,56,3,466.25
2423,747,99,4,252.52
2424,908,19,5,202.61
2425,344,84,1,33.04
2426,458,73,4,350.27
2427,12,21,1,59.88
2428,272,41,3,238.13
2429,215,9,4,459.11
2430,256,72,2,135.21
2431,710,69,4,19.84
2432,70,93,1,172.33
2433,359,16,5,134.14
2434,263,24,3,170.6
2435,806,41,4,383.54
2436,111,19,3,73.95
2437,738,94,1,275.81
2438,2,4,1,368.27
2439,50,98,1,462.47
2440,396,41,5,333.35
2441,449,53,2,439.74
2442,751,53,3,121.63
2443,430,39,2,41.09
2444,993,57,2,474.26
2445,171,96,3,452.64
2446,906,82,1,353.03
2447,424,95,2,383.96
2448,505,36,3,22.5
2449,903,20,4,490.62
2450,388,100,2,475.2
2451,360,25,1,301.08
2452,560,14,5,308.15
2453,385,17,3,44.89
2454,104,24,2,277.96
2455,849,4,1,473.57
2456,491,98,1,138.9
2457,808,79,3,25.66
2458,885,79,4,22.62
2459,592,35,1,256.26
2460,667,78,3,326.92
2461,777,73,2,218.6
2462,704,79,4,155.19
2463,231,30,3,425.67
2464,167,77,3,485.88
2465,463,30,4,15.61
2466,76,30,1,32.4
2467,819,88,1,387.94
2468,867,4,2,406.62
2469,35,46,2,269.42
2470,302,11,5,430.85
2471,21,89,5,342.56
2472,327,100,2,370.27
2473,268,62,4,278.49
2474,975,18,5,30.81
2475,108,65,5,384.01
2476,76,78,4,349.24
2477,351,61,1,217.71
2478,175,92,3,216.28
2479,910,84,1,73.2
2480,385,48,3,221.79
2481,165,24,4,449.09
2482,750,50,5,491.35
2483,77,63,4,187.02
2484,561,61,1,100.85
2485,965,18,4,221.08
2486,920,21,1,33.67
2487,96,25,4,119.86
2488,347,29,2,296.37
2489,609,5,1,117.43
2490,629,53,3,375.0
2491,915,98,5,444.73
2492,495,2,5,397.62
2493,722,35,1,286.18
2494,32,53,2,495.51
2495,442,29,5,12.37
2496,966,96,2,361.31
2497,670,86,3,407.25
2498,169,26,5,42.92
2499,622,97,4,67.72
2500,912,27,4,94.39
2501,445,9,1,26.64
2502,161,23,5,178.09
2503,55,57,2,329.33
2504,104,79,2,125.9
2505,340,63,3,149.74
2506,211,89,5,305.03
2507,998,42,2,241.96
2508,195,59,2,65.58
2509,420,32,5,43.02
2510,714,55,4,128.85
2511,568,52,5,274.1
2512,740,100,4,249.99
2513,948,6,1,368.93
2514,748,78,1,181.69
2515,554,95,4,457.97
2516,272,49,5,114.04
2517,677,93,3,358.0
2518,289,41,2,471.01
2519,305,51,1,391.2
2520,244,79,1,149.88
2521,99,96,4,328.55
2522,51,74,3,265.79
2523,403,77,5,137.43
2524,586,69,3,350.4
2525,563,68,4,254.21
2526,861,83,3,31.73
2527,503,91,2,450.71
2528,158,5,5,354.22
2529,56,67,5,312.83
2530,370,14,3,143.49
2531,4,58,1,105.76
2532,438,59,2,72.88
2533,90,6,5,488.09
2534,302,32,5,119.12
2535,844,67,1,372.24
2536,678,69,3,109.33
2537,641,51,1,189.33
2538,615,95,4,409.11
2539,492,6,1,75.27
2540,205,72,2,489.07
2541,100,50,5,350.68
2542,27,67,3,326.7
2543,212,98,4,229.61
2544,175,81,2,61.55
2545,654,7,5,251.96
2546,299,25,5,21.71
2547,84,38,3,142.59
2548,485,57,3,195.17
2549,865,51,3,414.45
2550,119,39,4,46.82
2551,316,100,3,143.15
2552,804,37,2,306.83
2553,408,60,3,250.2
2554,483,22,3,432.07
2555,501,55,2,195.41
2556,917,38,4,26.99
2557,677,79,5,106.84
2558,272,7,3,96.29
2559,94,89,1,218.39
2560,658,67,2,30.87
2561,558,19,1,156.05
2562,397,60,5,273.07
2563,190,83,4,177.16
2564,380,58,1,17.87
2565,907,12,1,306.33
2566,391,93,2,447.12
2567,379,65,4,461.74
2568,192,15,5,454.19
2569,457,24,4,406.07
2570,46,100,4,297.52
2571,270,75,5,379.84
2572,451,90,1,173.77
2573,477,70,1,415.47
2574,270,18,5,219.87
2575,232,51,1,216.64
2576,858,53,4,365.97
2577,276,42,1,369.03
2578,578,58,3,33.27
2579,64,4,4,59.06
2580,155,23,5,197.11
2581,771,59,3,362.04
2582,714,76,4,340.59
2583,684,92,2,429.96
2584,100,26,1,469.3
2585,88,59,1,234.43
2586,685,12,4,288.44
2587,353,33,3,286.31
2588,828,42,2,261.86
2589,555,89,4,85.46
2590,424,84,1,193.74
2591,995,92,2,374.09
2592,775,21,1,462.71
2593,604,92,3,70.28
2594,233,94,3,12.52
2595,567,16,2,400.8
2596,63,12,1,475.73
2597,861,15,5,47.34
2598,397,91,3,128.72
2599,839,58,2,273.69
2600,536,82,2,172.08
2601,429,47,4,200.33
2602,989,11,3,309.7
2603,549,68,1,184.04
2604,704,91,3,331.32
2605,888,50,4,392.3
2606,959,94,5,406.08
2607,487,66,2,305.96
2608,587,79,1,66.53
2609,903,21,2,286.38
2610,242,49,4,163.89
2611,488,71,1,135.94
2612,307,49,3,93.5
2613,81,6,5,234.05
2614,405,99,5,222.76
2615,925,22,4,235.89
2616,875,43,2,483.11
2617,732,73,5,242.7
2618,36,85,2,422.94
2619,515,20,5,112.83
2620,585,21,5,34.0
2621,923,19,5,469.72
2622,530,23,2,141.84
2623,820,99,1,307.11
2624,586,92,5,160.44
2625,694,7,2,36.7
2626,636,54,1,94.0
2627,151,40,2,384.16
2628,124,40,3,141.69
2629,973,94,5,435.18
2630,776,99,2,67.98
2631,460,58,5,317.02
2632,178,37,3,77.72
2633,972,81,2,310.88
2634,172,24,1,29.54
2635,996,16,5,61.65
2636,217,17,5,24.06
2637,828,26,3,343.8
2638,198,1,5,430.98
2639,130,80,4,292.05
2640,44,98,1,25.77
2641,434,33,4,360.09
2642,81,2,1,35.1
2643,700,59,3,358.7
2644,446,64,4,133.23
2645,207,64,4,132.44
2646,843,70,3,340.8
2647,643,1,1,429.46
2648,152,78,5,179.9
2649,855,64,4,360.57
2650,610,31,4,302.29
2651,265,28,3,178.12
2652,328,76,5,43.35
2653,933,85,1,224.69
2654,745,61,2,257.96
2655,937,59,1,122.3
2656,827,53,3,166.27
2657,69,57,4,188.82
2658,90,11,5,412.23
2659,398,77,4,210.9
2660,570,77,3,322.73
2661,407,1,1,438.55
2662,566,32,4,75.82
2663,334,71,2,166.64
2664,878,36,3,395.14
2665,283,80,1,170.82
2666,533,81,5,207.03
2667,470,72,1,327.73
2668,940,27,2,237.99
2669,895,7,4,486.88
2670,13,24,1,312.85
2671,806,19,2,84.35
2672,718,8,2,27.08
2673,639,84,2,465.5
2674,602,45,3,456.38
2675,536,5,3,17.64
2676,801,19,1,306.47
2677,430,5,1,404.98
2678,116,86,1,257.84
2679,425,74,4,391.53
2680,154,78,4,256.55
2681,152,39,1,292.84
2682,581,43,5,175.31
2683,603,12,3,111.36
2684,597,7,3,416.21
2685,777,14,2,21.14
2686,988,54,1,364.5
2687,963,23,4,193.64
2688,103,21,2,498.92
2689,948,87,3,43.83
2690,109,37,1,43.27
2691,577,79,3,468.08
2692,799,85,5,116.17
2693,104,89,2,254.23
2694,805,90,1,289.35
2695,293,77,5,276.38
2696,889,74,5,211.95
2697,549,72,4,367.86
2698,902,23,1,424.56
2699,353,59,4,266.24
2700,899,96,5,30.46
2701,421,75,1,238.8
2702,271,47,1,264.6
2703,393,5,1,223.3
2704,671,12,1,138.25
2705,498,99,4,418.82
2706,586,39,3,150.07
2707,624,42,1,125.79
2708,485,48,2,125.32
2709,39,49,1,384.98
2710,177,9,4,184.17
2711,283,98,1,230.63
2712,413,55,3,375.35
2713,148,71,5,62.13
2714,634,9,4,124.32
2715,624,38,1,367.74
2716,698,61,1,440.71
2717,711,18,1,184.13
2718,412,16,5,179.23
2719,40,89,1,255.29
2720,406,36,3,457.74
2721,911,43,4,328.4
2722,901,68,4,304.58
2723,340,53,1,227.24
2724,708,68,5,212.33
2725,244,27,4,286.82
2726,51,90,2,414.26
2727,764,27,5,67.01
2728,487,79,5,271.12
2729,943,8,1,389.34
2730,276,14,4,206.77
2731,919,74,4,294.45
2732,382,94,4,73.38
2733,21,81,4,133.84
2734,346,68,5,147.01
2735,838,12,5,160.35
2736,813,62,1,45.35
2737,311,93,3,213.41
2738,319,89,1,491.71
2739,288,78,4,290.13
2740,864,91,5,318.15
2741,504,37,3,387.46
2742,879,55,5,450.44
2743,713,78,2,438.82
2744,702,41,1,12.68
2745,101,34,1,64.79
2746,996,68,1,135.37
2747,890,74,5,279.52
2748,234,80,1,465.41
2749,138,46,5,372.71
2750,308,17,2,67.57
2751,998,79,5,21.87
2752,762,73,2,218.55
2753,454,64,5,346.57
2754,793,67,3,495.02
2755,846,94,3,70.53
2756,329,81,4,434.11
2757,276,64,4,459.72
2758,747,64,5,452.61
2759,427,24,4,180.41
2760,620,79,2,204.15
2761,662,30,2,280.69
2762,92,91,2,357.43
2763,193,38,1,63.92
2764,453,25,1,449.23
2765,217,1,2,449.69
2766,936,16,3,297.78
2767,844,4,5,310.23
2768,417,60,4,497.1
2769,759,81,5,27.39
2770,497,16,3,370.68
2771,778,95,3,180.7
2772,529,27,5,227.2
2773,889,79,5,207.39
2774,383,54,2,227.63
2775,841,53,2,418.23
2776,58,6,4,148.2
2777,528,43,3,241.17
2778,811,45,5,71.63
2779,163,72,3,95.81
2780,68,82,3,384.15
2781,319,28,3,458.59
2782,727,2,1,468.63
2783,519,82,5,46.48
2784,414,26,5,448.32
2785,139,89,2,298.81
2786,800,37,1,188.09
2787,872,33,2,326.46
2788,537,9,5,192.79
2789,901,40,5,222.1
2790,583,39,1,256.79
2791,30,65,4,296.1
2792,178,71,3,472.66
2793,198,42,2,52.96
2794,897,99,2,152.19
2795,853,1,2,173.85
2796,206,15,1,284.25
2797,858,88,3,449.16
2798,60,43,2,292.01
2799,256,44,4,422.81
2800,34,51,4,216.21
2801,468,93,5,164.79
2802,52,73,3,162.7
2803,941,79,5,93.32
2804,370,4,5,75.88
2805,722,23,3,407.92
2806,204,25,5,368.64
2807,281,43,3,494.66
2808,378,44,4,109.29
2809,844,87,3,261.97
2810,476,62,2,289.69
2811,518,61,1,309.66
2812,407,5,4,54.24
2813,651,83,1,145.97
2814,946,18,4,63.68
2815,127,62,2,140.56
2816,698,20,1,222.26
2817,32,81,2,443.25
2818,248,59,2,147.8
2819,382,69,4,459.26
2820,501,43,5,494.46
2821,609,60,2,377.97
2822,457,53,2,462.64
2823,182,96,4,334.88
2824,984,8,3,74.8
2825,892,67,4,107.39
2826,486,39,2,420.2
2827,601,73,4,378.66
2828,565,93,2,18.54
2829,359,87,1,451.76
2830,353,41,3,480.13
2831,168,72,1,272.22
2832,858,69,1,400.5
2833,916,3,3,8.3
2834,265,27,1,417.09
2835,767,74,5,17.76
2836,851,88,1,105.55
2837,706,43,2,471.19
2838,93,46,3,287.73
2839,292,9,4,367.38
2840,29,20,2,262.84
2841,396,36,5,416.36
2842,51,4,3,151.0
2843,167,44,1,59.26
2844,875,49,1,354.63
2845,586,81,2,423.15
2846,799,69,2,224.98
2847,989,22,3,218.97
2848,220,74,2,135.21
2849,878,78,2,432.93
2850,227,50,3,496.57
2851,663,24,2,367.16
2852,231,77,3,62.65
2853,694,15,5,180.09
2854,212,97,2,44.14
2855,276,40,2,397.69
2856,668,91,2,365.04
2857,420,41,1,166.92
2858,526,91,2,255.99
2859,21,5,3,141.67
2860,886,35,1,317.16
2861,800,53,1,258.86
2862,991,12,2,389.64
2863,786,64,4,354.87
2864,699,31,1,160.83
2865,10,48,3,462.74
2866,486,58,2,219.52
2867,934,39,3,466.52
2868,136,28,4,398.13
2869,663,68,2,162.18
2870,178,39,3,421.51
2871,616,23,3,332.26
2872,821,15,2,439.4
2873,9,48,5,22.64
2874,230,5,5,319.08
2875,259,100,4,8.95
2876,623,26,1,72.75
2877,825,12,1,191.22
2878,966,57,2,471.87
2879,313,65,2,338.31
2880,730,4,2,136.32
2881,991,62,2,79.96
2882,727,65,5,407.87
2883,659,20,4,368.11
2884,282,25,3,144.89
2885,434,44,3,103.29
2886,917,62,5,438.55
2887,386,94,4,475.66
2888,873,68,2,429.29
2889,358,40,1,375.98
2890,471,100,5,6.58
2891,259,42,5,38.29
2892,224,19,2,281.08
2893,478,99,5,108.23
2894,310,13,3,93.17
2895,694,67,2,211.99
2896,534,87,3,135.22
2897,845,17,2,193.24
2898,639,27,1,294.03
2899,407,93,3,320.67
2900,599,5,2,244.7
2901,105,59,5,330.19
2902,8,50,5,94.13
2903,524,92,4,153.55
2904,679,67,2,119.79
2905,990,15,1,149.6
2906,864,1,4,245.1
2907,860,40,5,399.39
2908,384,6,1,199.14
2909,575,88,2,181.78
2910,663,77,5,243.07
2911,609,12,4,52.78
2912,624,43,5,60.62
2913,290,60,3,441.04
2914,306,6,4,378.71
2915,701,14,5,147.2
2916,111,67,4,484.83
2917,494,99,2,166.07
2918,66,85,3,332.9
2919,345,96,3,62.33
2920,284,40,5,235.04
2921,656,3,4,162.86
2922,333,74,4,61.2
2923,883,98,4,350.0
2924,284,40,3,353.89
2925,268,82,5,387.97
2926,672,27,4,244.45
2927,729,42,5,403.34
2928,976,26,1,247.14
2929,914,25,2,208.94
2930,668,37,2,121.26
2931,306,36,2,149.01
2932,193,69,4,256.21
2933,154,41,2,445.46
2934,530,99,4,392.5
2935,784,57,2,35.1
2936,247,86,3,387.04
2937,922,16,4,134.49
2938,59,35,4,162.22
2939,825,20,5,198.73
2940,878,21,2,223.77
2941,822,36,3,202.35
2942,830,15,3,456.62
2943,615,2,5,137.82
2944,414,80,1,365.45
2945,677,72,2,173.22
2946,328,66,1,410.17
2947,698,14,3,157.71
2948,144,27,4,207.86
2949,739,70,5,288.39
2950,27,45,3,87.43
2951,672,71,2,107.07
2952,510,41,5,314.52
2953,303,35,1,474.2
2954,266,19,4,308.59
2955,929,91,5,168.19
2956,429,37,5,304.46
2957,415,74,3,14.86
2958,398,32,4,362.5
2959,755,22,4,402.19
2960,37,10,4,49.68
2961,598,40,4,353.84
2962,726,79,4,456.55
2963,586,44,3,384.59
2964,836,70,4,278.68
2965,195,57,3,329.19
2966,352,7,3,261.73
2967,744,17,4,184.24
2968,731,4,1,103.23
2969,228,61,2,82.71
2970,703,87,4,270.17
2971,548,7,2,430.56
2972,654,14,3,118.52
2973,804,50,1,401.64
2974,488,7,3,455.77
2975,929,12,1,169.09
2976,964,55,3,111.73
2977,688,51,5,368.0
2978,368,23,5,470.31
2979,520,91,5,22.86
2980,308,77,1,14.91
2981,866,76,3,470.48
2982,175,81,2,55.75
2983,861,89,1,201.98
2984,674,90,1,245.03
2985,898,58,1,82.69
2986,572,79,3,154.23
2987,186,46,1,118.85
2988,301,40,5,387.34
2989,100,43,2,127.42
2990,483,26,3,139.87
2991,132,92,2,66.2
2992,759,98,3,393.11
2993,265,86,3,329.36
2994,743,69,3,69.94
2995,828,11,3,371.56
2996,573,97,2,138.65
2997,782,98,5,47.03
2998,935,60,2,41.58
2999,188,73,5,362.45
3000,970,17,3,382.38
