order_id,customer_id,order_date,status
1,258,2024-10-10,Cancelled
2,471,2025-03-29,Completed
3,437,2025-02-16,Cancelled
4,272,2025-01-11,Cancelled
5,81,2024-12-06,Cancelled
6,30,2025-04-12,Cancelled
7,492,2024-09-28,Cancelled
8,261,2024-12-14,Completed
9,42,2024-06-24,Completed
10,436,2024-10-09,Cancelled
11,96,2024-10-30,Cancelled
12,36,2024-09-27,Cancelled
13,305,2024-11-16,Cancelled
14,35,2025-02-28,Cancelled
15,346,2024-10-07,Completed
16,442,2024-09-12,Cancelled
17,121,2024-08-31,Completed
18,207,2024-07-12,Cancelled
19,62,2024-06-27,Cancelled
20,483,2024-09-27,Cancelled
21,456,2024-12-06,Completed
22,292,2024-04-18,Cancelled
23,127,2024-11-26,Completed
24,297,2024-10-26,Cancelled
25,305,2025-03-10,Cancelled
26,21,2025-01-24,Completed
27,318,2024-07-16,Completed
28,42,2025-01-17,Cancelled
29,215,2024-10-27,Cancelled
30,337,2024-07-29,Cancelled
31,299,2024-09-22,Completed
32,290,2025-04-10,Completed
33,268,2024-11-14,Cancelled
34,162,2024-11-25,Completed
35,479,2024-09-05,Cancelled
36,134,2024-04-28,Cancelled
37,105,2024-04-30,Cancelled
38,343,2024-11-22,Completed
39,367,2024-10-20,Completed
40,161,2025-01-14,Completed
41,123,2024-09-06,Completed
42,136,2024-05-29,Cancelled
43,203,2024-11-27,Completed
44,68,2024-10-20,Cancelled
45,344,2025-01-09,Completed
46,331,2024-05-17,Completed
47,154,2024-06-10,Completed
48,235,2025-01-24,Cancelled
49,162,2025-01-25,Completed
50,476,2024-11-06,Completed
51,385,2025-03-15,Cancelled
52,480,2025-02-01,Cancelled
53,38,2025-02-12,Cancelled
54,5,2024-08-02,Cancelled
55,235,2024-10-13,Cancelled
56,319,2024-11-02,Cancelled
57,289,2024-05-16,Completed
58,52,2024-11-05,Cancelled
59,38,2025-03-27,Completed
60,276,2024-12-08,Cancelled
61,110,2024-05-20,Completed
62,260,2024-07-20,Completed
63,136,2024-10-16,Completed
64,68,2024-12-16,Cancelled
65,478,2025-01-29,Cancelled
66,179,2024-12-29,Cancelled
67,452,2024-12-31,Cancelled
68,36,2024-05-16,Completed
69,451,2025-01-06,Cancelled
70,126,2024-12-18,Cancelled
71,190,2024-11-11,Cancelled
72,146,2025-02-19,Completed
73,81,2024-11-27,Cancelled
74,225,2024-08-15,Cancelled
75,427,2024-12-10,Cancelled
76,279,2024-05-06,Cancelled
77,361,2025-04-01,Cancelled
78,155,2024-08-27,Cancelled
79,314,2024-11-09,Cancelled
80,414,2025-02-12,Completed
81,335,2024-04-20,Completed
82,271,2024-10-15,Cancelled
83,5,2024-10-09,Completed
84,342,2024-11-01,Cancelled
85,419,2025-04-02,Completed
86,284,2024-10-15,Cancelled
87,154,2024-11-24,Cancelled
88,478,2025-01-25,Cancelled
89,340,2024-08-22,Cancelled
90,54,2024-09-26,Completed
91,481,2024-08-31,Cancelled
92,450,2025-02-19,Completed
93,69,2024-08-08,Completed
94,136,2024-08-06,Cancelled
95,60,2024-06-20,Completed
96,456,2024-04-29,Cancelled
97,55,2025-01-10,Completed
98,381,2025-04-09,Cancelled
99,284,2024-12-04,Completed
100,80,2025-02-01,Completed
101,140,2024-08-12,Cancelled
102,145,2025-01-23,Completed
103,310,2025-02-14,Completed
104,108,2024-11-20,Cancelled
105,368,2024-07-26,Cancelled
106,176,2024-05-09,Cancelled
107,105,2024-12-16,Cancelled
108,352,2024-10-16,Completed
109,325,2024-11-26,Cancelled
110,437,2024-06-20,Cancelled
111,136,2024-11-24,Cancelled
112,259,2024-05-06,Cancelled
113,251,2024-12-26,Completed
114,129,2024-08-07,Completed
115,464,2025-02-24,Completed
116,465,2025-01-27,Cancelled
117,434,2024-12-14,Completed
118,27,2024-04-26,Completed
119,48,2024-08-05,Cancelled
120,325,2024-10-21,Completed
121,217,2024-05-18,Completed
122,425,2024-06-04,Cancelled
123,142,2024-10-29,Completed
124,23,2024-05-15,Cancelled
125,2,2025-03-12,Completed
126,171,2025-02-14,Completed
127,395,2024-08-01,Cancelled
128,67,2024-07-22,Completed
129,327,2024-06-06,Cancelled
130,135,2024-12-11,Cancelled
131,83,2024-08-03,Cancelled
132,380,2024-07-31,Cancelled
133,227,2025-03-15,Completed
134,283,2024-07-24,Completed
135,362,2024-04-21,Cancelled
136,219,2025-01-28,Completed
137,288,2024-05-29,Completed
138,5,2024-12-06,Completed
139,58,2024-06-22,Completed
140,39,2025-04-04,Cancelled
141,484,2024-12-01,Completed
142,453,2025-01-27,Cancelled
143,354,2024-06-13,Completed
144,463,2024-12-27,Completed
145,77,2024-10-06,Cancelled
146,280,2024-09-06,Cancelled
147,19,2025-02-23,Cancelled
148,428,2024-06-23,Cancelled
149,190,2024-07-26,Completed
150,299,2025-02-13,Cancelled
151,283,2025-01-13,Cancelled
152,76,2024-07-16,Completed
153,221,2024-10-21,Completed
154,66,2024-06-25,Cancelled
155,22,2025-02-20,Cancelled
156,158,2024-11-06,Cancelled
157,187,2025-03-16,Cancelled
158,461,2024-04-28,Cancelled
159,478,2024-08-27,Cancelled
160,408,2024-05-18,Cancelled
161,498,2024-06-11,Completed
162,441,2024-12-03,Cancelled
163,21,2025-04-13,Cancelled
164,461,2025-03-01,Completed
165,184,2024-06-14,Completed
166,108,2025-03-07,Cancelled
167,350,2024-10-25,Cancelled
168,128,2025-02-02,Cancelled
169,342,2024-09-23,Cancelled
170,53,2025-02-09,Completed
171,182,2024-09-11,Cancelled
172,400,2024-07-17,Cancelled
173,287,2024-12-28,Completed
174,453,2024-10-03,Completed
175,448,2025-01-22,Cancelled
176,209,2024-12-19,Cancelled
177,499,2024-06-19,Completed
178,318,2024-07-06,Cancelled
179,384,2024-11-26,Completed
180,80,2025-01-26,Completed
181,474,2025-03-08,Cancelled
182,477,2024-08-28,Completed
183,122,2024-05-07,Completed
184,443,2024-12-21,Completed
185,84,2024-07-27,Cancelled
186,500,2025-02-03,Cancelled
187,410,2025-02-28,Completed
188,416,2024-05-31,Cancelled
189,91,2024-05-06,Completed
190,452,2024-06-20,Completed
191,212,2024-10-13,Cancelled
192,13,2024-09-17,Cancelled
193,92,2024-10-17,Cancelled
194,378,2024-08-11,Completed
195,474,2024-10-17,Completed
196,171,2025-01-30,Completed
197,401,2025-02-02,Cancelled
198,477,2025-04-09,Cancelled
199,211,2024-11-08,Completed
200,411,2024-07-15,Cancelled
201,343,2024-09-10,Cancelled
202,443,2025-01-06,Cancelled
203,377,2025-01-15,Cancelled
204,416,2024-09-14,Completed
205,128,2024-10-17,Cancelled
206,137,2024-07-26,Completed
207,82,2024-06-11,Completed
208,404,2024-11-08,Completed
209,360,2025-03-19,Cancelled
210,56,2024-10-01,Cancelled
211,196,2024-04-20,Completed
212,447,2024-08-06,Cancelled
213,20,2025-04-11,Completed
214,440,2025-02-19,Cancelled
215,241,2024-10-07,Completed
216,114,2024-09-11,Cancelled
217,103,2025-01-04,Cancelled
218,419,2024-08-16,Cancelled
219,471,2024-11-07,Cancelled
220,236,2025-01-06,Cancelled
221,180,2024-05-01,Completed
222,157,2024-05-23,Completed
223,421,2025-04-07,Cancelled
224,408,2024-11-08,Completed
225,447,2024-12-19,Cancelled
226,117,2024-08-31,Completed
227,115,2025-03-09,Completed
228,13,2024-09-30,Cancelled
229,338,2024-12-09,Cancelled
230,99,2025-04-07,Cancelled
231,205,2024-12-25,Completed
232,169,2025-03-15,Completed
233,143,2024-07-30,Completed
234,443,2024-08-24,Completed
235,36,2024-07-29,Cancelled
236,496,2024-07-28,Cancelled
237,396,2025-02-21,Completed
238,143,2024-05-24,Completed
239,180,2024-07-24,Completed
240,329,2024-12-26,Completed
241,261,2024-11-28,Cancelled
242,205,2024-09-14,Cancelled
243,348,2024-10-12,Cancelled
244,432,2025-02-10,Cancelled
245,275,2025-01-03,Completed
246,170,2025-01-31,Cancelled
247,481,2024-07-18,Completed
248,15,2025-01-26,Cancelled
249,60,2025-01-01,Cancelled
250,450,2024-11-30,Cancelled
251,497,2025-02-09,Completed
252,134,2024-06-30,Cancelled
253,92,2024-11-03,Completed
254,298,2024-08-25,Cancelled
255,493,2025-01-04,Cancelled
256,136,2025-01-09,Completed
257,20,2024-06-24,Cancelled
258,56,2024-08-15,Completed
259,306,2024-11-14,Cancelled
260,223,2024-04-20,Cancelled
261,177,2025-01-02,Completed
262,374,2024-04-19,Cancelled
263,403,2025-03-04,Cancelled
264,161,2024-05-12,Completed
265,224,2024-04-20,Completed
266,311,2024-09-22,Cancelled
267,262,2024-05-23,Completed
268,60,2024-11-05,Completed
269,198,2024-05-26,Completed
270,461,2025-01-07,Completed
271,296,2024-10-06,Cancelled
272,98,2024-08-30,Completed
273,131,2024-07-10,Completed
274,23,2025-01-22,Completed
275,363,2024-08-04,Completed
276,224,2024-07-22,Completed
277,1,2024-06-29,Completed
278,267,2024-04-29,Completed
279,474,2024-04-25,Cancelled
280,413,2024-12-12,Completed
281,276,2024-05-21,Completed
282,352,2024-05-08,Cancelled
283,369,2025-04-15,Completed
284,482,2024-12-02,Completed
285,380,2024-12-27,Cancelled
286,378,2025-03-29,Completed
287,344,2025-03-06,Completed
288,101,2024-07-09,Completed
289,187,2024-12-04,Completed
290,221,2024-12-19,Completed
291,36,2024-06-02,Cancelled
292,486,2025-01-15,Completed
293,341,2024-06-01,Cancelled
294,472,2024-05-19,Completed
295,170,2025-03-14,Completed
296,320,2024-12-06,Cancelled
297,161,2024-06-05,Completed
298,340,2024-09-09,Completed
299,435,2024-12-26,Cancelled
300,64,2025-02-06,Completed
301,369,2025-03-31,Completed
302,461,2024-12-23,Cancelled
303,154,2024-11-21,Cancelled
304,260,2025-02-21,Cancelled
305,159,2024-06-26,Completed
306,342,2025-03-29,Cancelled
307,210,2024-05-29,Completed
308,168,2025-01-11,Completed
309,207,2024-06-26,Cancelled
310,357,2024-07-23,Cancelled
311,152,2024-08-08,Completed
312,284,2024-10-14,Completed
313,66,2024-12-28,Cancelled
314,99,2025-04-14,Cancelled
315,216,2024-05-15,Cancelled
316,341,2024-12-20,Completed
317,482,2024-10-09,Cancelled
318,195,2025-04-09,Cancelled
319,347,2024-08-01,Completed
320,384,2025-02-08,Completed
321,463,2024-09-28,Cancelled
322,90,2025-01-09,Completed
323,316,2025-04-01,Completed
324,292,2024-12-31,Completed
325,155,2025-02-08,Cancelled
326,208,2025-02-09,Cancelled
327,281,2024-08-19,Cancelled
328,427,2024-07-24,Cancelled
329,1,2024-06-17,Cancelled
330,156,2025-02-13,Cancelled
331,147,2024-05-14,Completed
332,108,2024-08-01,Completed
333,221,2025-02-11,Completed
334,403,2024-05-10,Cancelled
335,297,2024-09-11,Cancelled
336,311,2024-09-13,Completed
337,336,2024-08-23,Cancelled
338,165,2024-05-09,Cancelled
339,239,2024-07-25,Cancelled
340,227,2025-02-25,Cancelled
341,227,2024-07-27,Cancelled
342,346,2024-06-24,Completed
343,110,2024-10-04,Cancelled
344,262,2024-05-12,Cancelled
345,243,2024-10-23,Cancelled
346,407,2025-04-11,Cancelled
347,462,2024-07-02,Cancelled
348,492,2024-12-09,Completed
349,408,2024-09-15,Cancelled
350,377,2024-06-24,Completed
351,87,2024-12-22,Completed
352,338,2024-10-24,Completed
353,44,2024-05-28,Completed
354,146,2024-06-10,Cancelled
355,264,2024-11-11,Completed
356,340,2025-02-08,Cancelled
357,325,2024-09-30,Completed
358,318,2024-07-09,Completed
359,172,2024-12-10,Cancelled
360,48,2024-12-21,Completed
361,420,2024-05-27,Cancelled
362,488,2025-04-05,Cancelled
363,385,2024-10-04,Cancelled
364,121,2025-01-18,Completed
365,345,2024-07-25,Cancelled
366,159,2024-05-26,Cancelled
367,116,2024-04-29,Cancelled
368,413,2024-05-14,Completed
369,102,2024-05-13,Completed
370,76,2024-11-23,Completed
371,13,2025-01-23,Cancelled
372,24,2024-07-22,Completed
373,126,2025-02-11,Completed
374,244,2024-10-06,Cancelled
375,313,2024-04-23,Cancelled
376,436,2025-03-30,Completed
377,394,2024-10-26,Cancelled
378,38,2024-06-12,Completed
379,234,2024-12-25,Cancelled
380,213,2024-12-20,Completed
381,454,2024-04-16,Cancelled
382,323,2025-04-13,Completed
383,295,2024-04-30,Completed
384,100,2024-12-30,Cancelled
385,368,2024-09-14,Cancelled
386,357,2024-07-28,Cancelled
387,197,2024-06-13,Cancelled
388,254,2025-01-12,Completed
389,205,2024-08-22,Completed
390,125,2025-04-02,Completed
391,76,2024-09-14,Cancelled
392,336,2024-11-25,Completed
393,353,2024-04-17,Completed
394,3,2024-11-02,Completed
395,458,2025-01-15,Completed
396,385,2025-04-16,Completed
397,441,2025-02-09,Cancelled
398,395,2024-10-23,Cancelled
399,454,2024-10-18,Cancelled
400,55,2024-10-02,Cancelled
401,399,2024-09-19,Completed
402,218,2025-03-09,Cancelled
403,113,2025-01-23,Cancelled
404,91,2025-02-13,Cancelled
405,412,2025-02-25,Completed
406,491,2025-02-15,Completed
407,357,2024-05-13,Completed
408,266,2024-11-11,Completed
409,238,2024-07-12,Completed
410,26,2024-04-17,Completed
411,286,2024-09-12,Cancelled
412,128,2025-01-08,Cancelled
413,470,2025-02-27,Cancelled
414,435,2025-02-12,Cancelled
415,63,2024-10-20,Cancelled
416,234,2024-06-02,Cancelled
417,69,2024-11-22,Cancelled
418,411,2024-11-09,Completed
419,238,2025-04-14,Completed
420,342,2024-09-02,Cancelled
421,272,2024-08-23,Cancelled
422,287,2025-01-05,Completed
423,305,2024-08-11,Cancelled
424,163,2024-09-18,Cancelled
425,487,2024-05-07,Cancelled
426,387,2024-12-17,Completed
427,457,2024-12-23,Completed
428,227,2024-05-21,Cancelled
429,314,2024-09-04,Completed
430,418,2024-11-09,Completed
431,369,2025-03-13,Completed
432,457,2024-08-26,Cancelled
433,259,2024-05-17,Completed
434,219,2025-03-08,Completed
435,426,2024-10-11,Cancelled
436,465,2025-02-05,Cancelled
437,281,2025-02-07,Cancelled
438,229,2024-08-06,Completed
439,460,2024-12-23,Completed
440,82,2024-07-03,Cancelled
441,381,2024-06-23,Cancelled
442,442,2024-11-17,Completed
443,244,2024-05-01,Completed
444,231,2024-09-12,Cancelled
445,133,2024-12-28,Completed
446,385,2024-06-29,Cancelled
447,127,2024-08-10,Completed
448,431,2025-01-11,Cancelled
449,327,2024-09-14,Completed
450,142,2025-03-30,Cancelled
451,393,2024-05-27,Completed
452,399,2024-12-16,Cancelled
453,267,2025-01-08,Completed
454,249,2024-09-02,Cancelled
455,321,2024-10-21,Cancelled
456,123,2024-05-18,Cancelled
457,141,2025-03-25,Cancelled
458,226,2024-12-17,Cancelled
459,40,2024-10-03,Completed
460,366,2025-01-26,Cancelled
461,147,2024-06-28,Completed
462,121,2024-06-09,Cancelled
463,140,2024-04-29,Completed
464,172,2024-06-29,Cancelled
465,164,2024-04-25,Cancelled
466,458,2025-01-20,Completed
467,277,2024-12-02,Cancelled
468,42,2024-07-17,Completed
469,71,2024-10-22,Completed
470,78,2024-09-13,Cancelled
471,119,2024-05-10,Cancelled
472,197,2025-02-17,Completed
473,356,2024-11-11,Cancelled
474,79,2024-12-21,Cancelled
475,362,2024-08-13,Cancelled
476,110,2024-10-27,Completed
477,33,2024-11-09,Cancelled
478,213,2025-03-05,Completed
479,209,2025-02-25,Completed
480,170,2024-10-07,Completed
481,278,2024-04-22,Completed
482,239,2024-04-30,Cancelled
483,213,2024-08-25,Cancelled
484,32,2024-05-07,Completed
485,106,2024-08-25,Completed
486,427,2025-02-15,Completed
487,216,2025-01-21,Completed
488,200,2024-05-02,Cancelled
489,464,2024-09-20,Completed
490,395,2024-05-31,Completed
491,300,2024-07-07,Completed
492,485,2025-02-23,Completed
493,357,2024-12-25,Completed
494,11,2024-12-31,Cancelled
495,439,2024-11-05,Cancelled
496,451,2024-10-11,Cancelled
497,392,2025-04-16,Cancelled
498,295,2025-01-04,Cancelled
499,195,2025-03-19,Completed
500,245,2025-03-21,Cancelled
501,4,2024-11-10,Completed
502,483,2024-06-12,Cancelled
503,181,2025-01-28,Cancelled
504,153,2024-11-26,Cancelled
505,386,2024-07-15,Cancelled
506,200,2025-04-10,Completed
507,437,2024-05-13,Cancelled
508,457,2024-04-30,Completed
509,489,2025-01-26,Cancelled
510,428,2024-06-09,Cancelled
511,215,2024-10-22,Cancelled
512,276,2024-12-25,Completed
513,383,2024-04-23,Completed
514,377,2024-10-16,Cancelled
515,280,2025-04-03,Cancelled
516,410,2025-04-07,Completed
517,309,2024-12-12,Completed
518,460,2024-05-03,Cancelled
519,113,2024-07-19,Cancelled
520,250,2025-01-13,Completed
521,113,2024-12-23,Cancelled
522,140,2024-06-05,Completed
523,224,2024-04-21,Cancelled
524,249,2024-06-21,Cancelled
525,15,2024-12-17,Completed
526,200,2024-05-05,Completed
527,173,2025-04-02,Cancelled
528,343,2024-08-13,Completed
529,348,2025-02-28,Cancelled
530,409,2025-02-18,Completed
531,208,2024-05-23,Completed
532,371,2024-10-10,Completed
533,85,2024-12-09,Completed
534,431,2024-06-21,Cancelled
535,240,2025-03-06,Cancelled
536,471,2024-12-01,Completed
537,66,2024-05-10,Cancelled
538,319,2025-02-27,Cancelled
539,274,2025-02-27,Cancelled
540,14,2024-05-27,Cancelled
541,465,2024-05-30,Cancelled
542,202,2024-10-26,Cancelled
543,304,2024-12-03,Completed
544,289,2025-02-20,Cancelled
545,340,2024-12-11,Completed
546,14,2024-07-10,Cancelled
547,43,2024-05-10,Completed
548,330,2025-02-22,Cancelled
549,220,2024-07-03,Cancelled
550,70,2024-09-28,Cancelled
551,444,2024-08-25,Completed
552,237,2025-02-25,Cancelled
553,94,2025-03-06,Completed
554,26,2025-01-27,Completed
555,134,2025-01-04,Cancelled
556,195,2024-09-19,Cancelled
557,168,2024-08-19,Cancelled
558,109,2024-06-01,Completed
559,233,2025-01-06,Completed
560,168,2024-11-25,Cancelled
561,173,2024-11-14,Cancelled
562,390,2024-06-08,Cancelled
563,451,2024-08-18,Completed
564,195,2025-03-06,Completed
565,143,2025-02-18,Cancelled
566,386,2024-07-07,Cancelled
567,488,2025-02-06,Completed
568,426,2024-05-03,Cancelled
569,216,2024-12-02,Cancelled
570,130,2024-06-22,Completed
571,428,2024-08-24,Completed
572,42,2024-05-10,Cancelled
573,241,2024-06-01,Cancelled
574,10,2024-07-31,Completed
575,384,2024-06-09,Completed
576,277,2025-02-04,Completed
577,27,2024-09-24,Completed
578,488,2024-06-20,Completed
579,180,2025-01-11,Cancelled
580,115,2024-09-06,Completed
581,333,2024-11-16,Completed
582,36,2024-06-19,Cancelled
583,400,2024-10-03,Completed
584,491,2024-07-19,Cancelled
585,334,2025-04-10,Completed
586,21,2024-11-28,Completed
587,387,2024-05-01,Completed
588,16,2024-06-06,Completed
589,487,2024-05-24,Cancelled
590,127,2025-02-17,Completed
591,103,2025-03-11,Cancelled
592,430,2024-12-17,Cancelled
593,11,2024-12-09,Completed
594,319,2024-09-09,Cancelled
595,79,2025-02-12,Cancelled
596,123,2024-06-16,Cancelled
597,65,2024-04-22,Completed
598,243,2025-03-23,Completed
599,343,2024-10-22,Cancelled
600,59,2024-05-17,Cancelled
601,289,2024-04-18,Completed
602,486,2024-04-18,Cancelled
603,112,2024-06-24,Cancelled
604,239,2025-04-10,Cancelled
605,359,2024-05-20,Cancelled
606,132,2025-01-15,Cancelled
607,393,2024-12-25,Cancelled
608,189,2024-12-02,Completed
609,86,2025-03-26,Completed
610,311,2024-08-04,Completed
611,311,2024-09-24,Cancelled
612,494,2025-01-10,Completed
613,383,2025-02-23,Cancelled
614,368,2025-02-17,Cancelled
615,59,2025-02-10,Completed
616,399,2024-10-17,Completed
617,420,2025-01-09,Cancelled
618,84,2024-06-04,Completed
619,494,2024-07-05,Completed
620,160,2024-06-10,Cancelled
621,56,2024-12-20,Cancelled
622,297,2024-07-30,Completed
623,14,2024-11-05,Cancelled
624,476,2024-10-07,Completed
625,160,2024-09-23,Completed
626,295,2024-07-17,Cancelled
627,347,2025-04-15,Cancelled
628,465,2024-06-22,Completed
629,491,2024-12-09,Cancelled
630,193,2025-01-09,Completed
631,204,2024-04-30,Cancelled
632,483,2024-12-03,Cancelled
633,367,2024-06-24,Completed
634,102,2025-01-19,Cancelled
635,39,2024-10-27,Completed
636,304,2024-12-09,Cancelled
637,354,2024-05-20,Completed
638,426,2024-12-15,Completed
639,322,2025-03-02,Cancelled
640,125,2025-02-13,Completed
641,53,2024-08-10,Cancelled
642,357,2024-08-29,Completed
643,396,2024-09-25,Completed
644,155,2024-04-17,Completed
645,436,2024-11-18,Cancelled
646,351,2024-07-16,Cancelled
647,308,2024-06-29,Completed
648,413,2024-05-31,Cancelled
649,62,2024-11-07,Cancelled
650,408,2024-05-23,Completed
651,290,2024-12-12,Completed
652,401,2024-09-03,Completed
653,22,2025-03-17,Cancelled
654,178,2025-02-05,Completed
655,273,2024-11-11,Completed
656,220,2024-10-30,Cancelled
657,339,2024-07-10,Completed
658,190,2024-10-13,Cancelled
659,36,2025-02-09,Completed
660,260,2024-12-15,Cancelled
661,332,2024-12-28,Completed
662,175,2024-07-05,Completed
663,7,2024-08-01,Completed
664,435,2024-05-06,Cancelled
665,216,2024-06-30,Cancelled
666,422,2024-05-29,Completed
667,251,2025-02-19,Completed
668,55,2024-06-12,Cancelled
669,222,2025-01-07,Completed
670,492,2025-03-09,Completed
671,186,2025-04-04,Completed
672,326,2024-10-17,Cancelled
673,457,2024-10-26,Cancelled
674,425,2024-06-23,Completed
675,236,2024-06-17,Cancelled
676,363,2025-01-01,Completed
677,79,2025-04-09,Cancelled
678,223,2024-05-02,Completed
679,91,2024-05-06,Completed
680,376,2024-12-22,Cancelled
681,268,2024-09-04,Completed
682,495,2024-08-04,Completed
683,334,2024-07-06,Cancelled
684,139,2024-10-01,Cancelled
685,316,2024-07-22,Completed
686,414,2024-08-23,Cancelled
687,471,2024-12-11,Cancelled
688,276,2025-02-22,Cancelled
689,397,2025-03-27,Completed
690,248,2025-02-04,Cancelled
691,239,2024-10-08,Completed
692,224,2024-05-02,Cancelled
693,423,2024-05-26,Completed
694,375,2025-01-28,Completed
695,304,2024-05-06,Cancelled
696,138,2025-04-10,Completed
697,166,2024-11-10,Completed
698,437,2024-06-23,Cancelled
699,126,2024-06-16,Cancelled
700,426,2025-02-15,Completed
701,479,2024-04-27,Cancelled
702,45,2024-10-21,Cancelled
703,143,2024-11-01,Completed
704,452,2024-05-31,Completed
705,231,2024-05-13,Completed
706,125,2025-03-29,Cancelled
707,385,2024-07-16,Completed
708,238,2025-01-21,Cancelled
709,292,2024-10-05,Completed
710,313,2024-12-02,Completed
711,343,2024-11-27,Completed
712,195,2024-08-20,Completed
713,173,2024-09-25,Cancelled
714,15,2024-07-02,Cancelled
715,254,2025-01-31,Cancelled
716,436,2025-01-03,Cancelled
717,167,2025-03-30,Cancelled
718,94,2024-08-20,Completed
719,250,2024-07-14,Completed
720,109,2025-02-12,Cancelled
721,182,2024-05-28,Cancelled
722,409,2024-08-20,Completed
723,133,2024-07-13,Cancelled
724,175,2024-05-24,Cancelled
725,144,2024-07-17,Completed
726,451,2025-01-27,Cancelled
727,306,2024-09-23,Cancelled
728,360,2025-03-19,Cancelled
729,451,2024-07-02,Cancelled
730,142,2024-09-08,Cancelled
731,285,2025-03-28,Cancelled
732,6,2024-07-10,Completed
733,265,2024-05-14,Cancelled
734,486,2024-10-15,Cancelled
735,98,2024-11-29,Cancelled
736,44,2024-10-21,Cancelled
737,124,2024-05-07,Completed
738,369,2025-03-27,Cancelled
739,209,2024-10-02,Completed
740,251,2024-06-11,Cancelled
741,285,2024-07-08,Completed
742,389,2025-04-11,Cancelled
743,124,2024-12-08,Cancelled
744,354,2024-10-09,Completed
745,244,2024-06-24,Completed
746,331,2024-09-13,Cancelled
747,365,2024-09-08,Cancelled
748,252,2024-06-07,Cancelled
749,230,2024-10-10,Cancelled
750,406,2025-01-20,Cancelled
751,9,2024-06-30,Completed
752,48,2024-12-17,Cancelled
753,151,2024-09-02,Cancelled
754,114,2024-07-29,Cancelled
755,208,2024-07-03,Completed
756,355,2024-08-24,Cancelled
757,125,2024-06-04,Cancelled
758,157,2024-04-28,Cancelled
759,340,2025-01-09,Completed
760,298,2024-11-22,Completed
761,189,2024-05-09,Cancelled
762,243,2024-08-02,Cancelled
763,284,2024-06-08,Completed
764,272,2024-05-29,Completed
765,177,2025-03-12,Completed
766,218,2024-10-13,Cancelled
767,382,2024-10-11,Completed
768,282,2024-09-25,Completed
769,170,2024-06-21,Completed
770,181,2025-02-05,Completed
771,360,2024-08-27,Cancelled
772,233,2024-07-10,Cancelled
773,139,2025-03-26,Cancelled
774,157,2024-08-08,Completed
775,129,2024-12-06,Completed
776,119,2024-06-15,Cancelled
777,62,2025-02-16,Cancelled
778,370,2025-02-18,Cancelled
779,99,2024-12-19,Cancelled
780,162,2024-12-09,Completed
781,62,2025-04-02,Completed
782,381,2024-06-20,Cancelled
783,275,2024-11-26,Cancelled
784,487,2024-11-16,Cancelled
785,391,2025-03-14,Cancelled
786,354,2024-07-14,Completed
787,95,2024-05-19,Completed
788,99,2024-09-22,Completed
789,111,2025-03-14,Completed
790,379,2024-11-04,Cancelled
791,248,2024-10-22,Cancelled
792,142,2025-03-16,Completed
793,371,2024-07-09,Cancelled
794,302,2024-12-01,Cancelled
795,390,2024-10-16,Cancelled
796,269,2025-03-07,Completed
797,306,2024-10-12,Cancelled
798,145,2024-08-02,Cancelled
799,52,2024-04-21,Completed
800,427,2025-01-24,Completed
801,100,2024-09-29,Completed
802,152,2025-01-26,Completed
803,117,2025-03-20,Cancelled
804,185,2024-07-20,Completed
805,92,2024-07-21,Cancelled
806,155,2024-08-21,Completed
807,8,2024-10-01,Cancelled
808,363,2024-11-27,Cancelled
809,274,2024-07-11,Completed
810,65,2025-03-28,Cancelled
811,141,2025-04-11,Cancelled
812,24,2024-12-01,Completed
813,499,2024-06-12,Completed
814,28,2025-04-05,Cancelled
815,284,2024-11-24,Completed
816,150,2025-03-30,Completed
817,358,2024-04-17,Completed
818,484,2024-09-25,Completed
819,65,2024-05-03,Completed
820,327,2024-05-01,Cancelled
821,445,2024-10-15,Completed
822,386,2025-01-25,Cancelled
823,252,2025-02-08,Cancelled
824,53,2024-10-28,Cancelled
825,447,2024-04-29,Completed
826,7,2024-09-28,Completed
827,294,2024-11-08,Completed
828,146,2024-09-16,Cancelled
829,241,2024-10-19,Cancelled
830,246,2025-02-24,Cancelled
831,226,2025-02-19,Cancelled
832,175,2025-01-11,Cancelled
833,95,2025-02-28,Completed
834,495,2024-05-24,Completed
835,27,2024-10-08,Cancelled
836,130,2024-10-25,Completed
837,482,2024-07-18,Cancelled
838,442,2024-05-18,Cancelled
839,245,2024-11-18,Cancelled
840,59,2025-02-02,Completed
841,421,2024-04-20,Completed
842,34,2025-01-10,Completed
843,206,2025-01-25,Cancelled
844,252,2024-09-20,Completed
845,38,2024-07-09,Completed
846,296,2024-06-06,Completed
847,323,2024-09-02,Cancelled
848,352,2024-08-08,Completed
849,28,2024-07-17,Completed
850,78,2024-12-23,Cancelled
851,77,2024-05-21,Completed
852,416,2024-04-22,Cancelled
853,289,2024-10-19,Cancelled
854,486,2024-12-31,Completed
855,156,2024-08-12,Cancelled
856,44,2024-06-17,Completed
857,128,2025-01-14,Cancelled
858,61,2024-10-11,Completed
859,286,2025-03-15,Cancelled
860,392,2024-11-23,Completed
861,214,2025-01-31,Completed
862,311,2024-11-28,Completed
863,306,2024-04-25,Completed
864,405,2024-10-09,Cancelled
865,317,2024-10-13,Completed
866,116,2025-02-09,Completed
867,398,2024-06-08,Completed
868,268,2025-03-21,Completed
869,195,2025-01-14,Cancelled
870,231,2024-09-20,Completed
871,466,2024-06-26,Cancelled
872,227,2025-02-16,Completed
873,153,2025-03-20,Cancelled
874,441,2024-09-06,Cancelled
875,302,2024-12-15,Cancelled
876,220,2024-10-13,Cancelled
877,157,2025-01-14,Completed
878,292,2024-12-17,Cancelled
879,318,2024-04-16,Cancelled
880,31,2025-03-16,Cancelled
881,313,2024-12-15,Completed
882,492,2024-05-13,Completed
883,379,2024-09-12,Completed
884,51,2025-03-28,Cancelled
885,486,2025-01-09,Cancelled
886,391,2024-08-23,Cancelled
887,107,2024-11-08,Cancelled
888,321,2024-04-28,Completed
889,109,2024-08-09,Cancelled
890,136,2024-09-28,Completed
891,339,2025-02-02,Cancelled
892,42,2024-07-29,Cancelled
893,81,2025-01-12,Cancelled
894,123,2024-12-09,Cancelled
895,89,2024-11-12,Completed
896,283,2024-11-25,Cancelled
897,39,2025-02-18,Completed
898,81,2024-07-05,Cancelled
899,2,2025-02-15,Completed
900,210,2025-01-06,Cancelled
901,231,2024-05-17,Completed
902,353,2024-12-12,Cancelled
903,305,2025-03-24,Cancelled
904,241,2024-08-24,Completed
905,150,2025-01-26,Completed
906,17,2025-04-13,Completed
907,119,2024-05-07,Completed
908,148,2024-11-01,Cancelled
909,362,2025-04-04,Cancelled
910,145,2025-01-03,Cancelled
911,360,2024-09-04,Completed
912,441,2025-03-26,Completed
913,233,2024-05-06,Cancelled
914,37,2024-05-29,Cancelled
915,352,2024-09-11,Completed
916,120,2024-09-04,Completed
917,474,2024-10-13,Cancelled
918,136,2024-12-12,Cancelled
919,404,2024-05-01,Cancelled
920,406,2024-09-04,Cancelled
921,321,2024-09-05,Cancelled
922,302,2024-06-23,Completed
923,339,2024-12-23,Completed
924,412,2024-11-19,Cancelled
925,479,2025-01-14,Cancelled
926,102,2024-05-12,Completed
927,218,2024-11-19,Completed
928,59,2025-01-16,Cancelled
929,279,2025-02-10,Completed
930,116,2024-07-04,Completed
931,332,2024-06-08,Cancelled
932,77,2024-08-24,Cancelled
933,466,2024-07-17,Cancelled
934,137,2024-11-11,Cancelled
935,424,2024-05-30,Completed
936,73,2024-12-24,Completed
937,37,2024-10-18,Cancelled
938,31,2025-01-27,Completed
939,85,2025-04-15,Cancelled
940,406,2025-02-02,Cancelled
941,158,2024-11-27,Cancelled
942,305,2025-03-20,Cancelled
943,384,2025-01-13,Completed
944,423,2024-07-06,Cancelled
945,292,2025-02-02,Completed
946,472,2025-01-30,Completed
947,148,2025-02-05,Cancelled
948,225,2024-07-12,Cancelled
949,64,2024-08-18,Completed
950,240,2024-08-30,Cancelled
951,353,2025-03-30,Cancelled
952,156,2024-07-28,Cancelled
953,359,2024-10-28,Completed
954,207,2025-01-05,Completed
955,483,2024-09-27,Completed
956,140,2024-08-01,Cancelled
957,257,2024-05-07,Cancelled
958,277,2024-05-10,Cancelled
959,253,2024-09-07,Cancelled
960,225,2024-08-28,Completed
961,42,2024-10-08,Completed
962,307,2024-10-21,Cancelled
963,21,2024-10-27,Completed
964,456,2024-11-06,Completed
965,222,2025-03-04,Completed
966,377,2024-06-02,Completed
967,166,2024-10-15,Cancelled
968,310,2025-01-16,Cancelled
969,129,2024-11-08,Cancelled
970,14,2025-01-04,Completed
971,47,2025-03-02,Completed
972,118,2024-11-08,Cancelled
973,493,2025-03-31,Cancelled
974,346,2024-08-07,Completed
975,429,2024-10-08,Cancelled
976,441,2024-12-13,Cancelled
977,295,2024-09-05,Cancelled
978,301,2025-02-20,Cancelled
979,487,2025-01-02,Cancelled
980,11,2025-01-10,Cancelled
981,392,2025-02-24,Completed
982,345,2025-04-16,Cancelled
983,421,2025-03-24,Cancelled
984,138,2024-05-11,Completed
985,296,2024-06-28,Cancelled
986,21,2025-03-28,Cancelled
987,391,2025-03-25,Completed
988,388,2024-10-10,Cancelled
989,90,2024-05-19,Cancelled
990,241,2024-05-17,Completed
991,266,2024-09-14,Completed
992,334,2025-03-30,Cancelled
993,227,2024-06-24,Completed
994,470,2024-08-05,Cancelled
995,143,2024-05-15,Completed
996,93,2024-05-28,Completed
997,300,2024-06-18,Completed
998,224,2024-08-01,Completed
999,326,2024-05-29,Completed
1000,417,2025-01-11,Completed
