payment_id,order_id,payment_date,payment_method,amount
1,1,2024-06-12,Debit Card,83.68
2,2,2024-10-25,Credit Card,168.81
3,3,2024-06-13,Credit Card,725.62
4,4,2025-03-21,PayPal,942.08
5,5,2024-07-04,Credit Card,597.01
6,6,2024-11-04,Debit Card,952.52
7,7,2024-12-15,PayPal,947.24
8,8,2024-04-24,Gift Card,783.42
9,9,2024-08-07,Gift Card,396.16
10,10,2024-09-24,Debit Card,960.13
11,11,2025-01-06,Credit Card,709.42
12,12,2024-11-12,Gift Card,257.35
13,13,2025-04-12,Gift Card,987.06
14,14,2024-06-06,Debit Card,590.25
15,15,2024-10-17,PayPal,68.72
16,16,2024-08-28,Credit Card,65.55
17,17,2024-09-26,Gift Card,349.27
18,18,2024-10-05,Debit Card,542.52
19,19,2025-01-27,Debit Card,443.74
20,20,2024-12-22,Gift Card,291.39
21,21,2024-04-24,Debit Card,477.12
22,22,2024-08-07,Credit Card,882.04
23,23,2024-06-28,PayPal,83.25
24,24,2024-05-10,Debit Card,977.41
25,25,2024-04-24,Gift Card,735.12
26,26,2025-03-20,Debit Card,826.07
27,27,2025-02-21,Gift Card,875.21
28,28,2024-07-15,PayPal,593.91
29,29,2025-03-06,Debit Card,578.35
30,30,2024-11-03,Credit Card,566.22
31,31,2024-12-22,Debit Card,443.88
32,32,2024-08-24,Debit Card,334.56
33,33,2024-09-22,Gift Card,551.12
34,34,2024-11-26,Credit Card,664.08
35,35,2024-08-27,Debit Card,561.11
36,36,2024-12-26,PayPal,819.14
37,37,2024-12-22,Credit Card,692.67
38,38,2025-02-15,Debit Card,149.06
39,39,2024-08-20,PayPal,772.21
40,40,2024-10-21,Debit Card,872.02
41,41,2024-12-02,Gift Card,702.26
42,42,2024-12-30,Debit Card,741.67
43,43,2025-01-11,Credit Card,957.63
44,44,2024-11-07,Gift Card,367.62
45,45,2025-03-08,Gift Card,774.98
46,46,2024-11-15,PayPal,749.8
47,47,2024-10-05,Credit Card,222.66
48,48,2024-10-10,Credit Card,328.05
49,49,2024-08-12,PayPal,235.41
50,50,2024-11-22,PayPal,368.58
51,51,2024-06-06,Debit Card,207.0
52,52,2025-03-30,PayPal,971.72
53,53,2025-02-16,Credit Card,266.44
54,54,2024-08-13,PayPal,607.58
55,55,2024-06-21,Debit Card,933.35
56,56,2025-02-16,Debit Card,148.87
57,57,2024-07-25,PayPal,645.82
58,58,2024-07-13,Credit Card,433.06
59,59,2024-10-21,Debit Card,808.0
60,60,2024-09-07,Gift Card,800.12
61,61,2024-08-05,Debit Card,833.36
62,62,2025-02-08,Gift Card,69.68
63,63,2025-03-10,Gift Card,989.75
64,64,2024-05-04,PayPal,379.74
65,65,2024-06-12,Credit Card,570.06
66,66,2024-08-31,Gift Card,995.7
67,67,2024-08-04,Debit Card,960.19
68,68,2024-10-10,Credit Card,874.35
69,69,2024-06-19,Gift Card,333.8
70,70,2024-12-12,PayPal,543.42
71,71,2025-04-09,Debit Card,289.82
72,72,2024-06-17,Debit Card,340.42
73,73,2025-01-17,Gift Card,76.44
74,74,2024-11-09,PayPal,84.8
75,75,2024-08-04,Gift Card,101.22
76,76,2024-06-25,Debit Card,562.71
77,77,2024-06-23,Debit Card,121.21
78,78,2025-03-07,Credit Card,166.64
79,79,2025-01-16,Credit Card,518.37
80,80,2025-01-10,Debit Card,852.97
81,81,2025-04-02,Credit Card,578.19
82,82,2024-12-30,Debit Card,473.76
83,83,2025-02-18,PayPal,653.67
84,84,2024-06-14,Credit Card,198.98
85,85,2024-06-17,PayPal,82.35
86,86,2024-07-17,Credit Card,687.11
87,87,2024-05-31,PayPal,819.58
88,88,2024-05-01,PayPal,471.06
89,89,2024-08-16,Debit Card,890.46
90,90,2024-11-25,Credit Card,994.41
91,91,2024-06-04,Credit Card,160.68
92,92,2024-10-04,Debit Card,337.13
93,93,2024-07-26,Debit Card,189.86
94,94,2024-09-06,PayPal,579.47
95,95,2024-06-26,Debit Card,459.51
96,96,2024-07-04,PayPal,783.3
97,97,2024-11-20,Debit Card,742.06
98,98,2025-01-15,Debit Card,949.02
99,99,2024-04-29,Credit Card,890.5
100,100,2024-12-30,Gift Card,407.45
101,101,2024-08-17,Credit Card,300.88
102,102,2024-08-27,Debit Card,627.45
103,103,2024-06-12,Gift Card,396.05
104,104,2024-09-07,Gift Card,18.45
105,105,2024-10-07,Gift Card,329.16
106,106,2024-11-11,Gift Card,158.99
107,107,2024-06-18,PayPal,857.02
108,108,2024-11-09,PayPal,588.53
109,109,2024-08-11,Gift Card,770.1
110,110,2024-06-02,PayPal,537.04
111,111,2025-04-08,Gift Card,657.08
112,112,2024-04-25,Gift Card,208.33
113,113,2024-09-20,Debit Card,823.31
114,114,2025-04-12,Debit Card,926.1
115,115,2024-10-26,PayPal,894.31
116,116,2025-02-08,Gift Card,717.76
117,117,2024-06-11,PayPal,581.09
118,118,2024-10-10,PayPal,196.96
119,119,2025-04-11,Debit Card,156.8
120,120,2024-08-18,Credit Card,315.4
121,121,2024-06-15,Gift Card,109.89
122,122,2024-04-17,Debit Card,538.09
123,123,2025-01-27,PayPal,945.05
124,124,2024-11-14,PayPal,49.06
125,125,2024-10-30,Debit Card,136.05
126,126,2024-08-22,Credit Card,355.03
127,127,2024-12-23,Credit Card,78.57
128,128,2025-01-14,Gift Card,871.85
129,129,2024-08-08,PayPal,929.18
130,130,2024-10-17,PayPal,661.59
131,131,2025-03-29,Credit Card,209.68
132,132,2024-08-06,Debit Card,171.66
133,133,2025-02-02,Gift Card,991.09
134,134,2024-11-24,Credit Card,240.65
135,135,2024-12-30,Credit Card,920.68
136,136,2024-06-12,Debit Card,774.62
137,137,2025-02-20,PayPal,37.02
138,138,2024-11-21,Credit Card,878.86
139,139,2025-01-23,Gift Card,944.94
140,140,2025-04-03,PayPal,131.88
141,141,2025-04-09,Gift Card,948.53
142,142,2024-10-04,Credit Card,35.17
143,143,2024-08-25,PayPal,868.86
144,144,2025-01-08,Gift Card,855.65
145,145,2024-05-29,Gift Card,216.5
146,146,2025-01-25,Debit Card,58.72
147,147,2024-10-19,Gift Card,444.16
148,148,2025-03-31,Gift Card,206.65
149,149,2024-05-01,Debit Card,773.27
150,150,2024-06-09,Gift Card,594.32
151,151,2025-01-04,PayPal,133.4
152,152,2024-11-15,Credit Card,969.55
153,153,2024-05-31,PayPal,511.64
154,154,2024-08-13,Credit Card,582.52
155,155,2024-04-25,PayPal,521.33
156,156,2024-09-18,Gift Card,171.25
157,157,2024-12-11,PayPal,217.54
158,158,2025-03-08,Gift Card,941.29
159,159,2024-07-10,Credit Card,743.24
160,160,2024-10-06,PayPal,364.81
161,161,2024-09-01,Debit Card,995.4
162,162,2024-05-21,Gift Card,420.98
163,163,2024-08-20,Gift Card,218.22
164,164,2024-05-07,Debit Card,99.88
165,165,2024-12-08,PayPal,511.84
166,166,2024-12-21,PayPal,483.2
167,167,2024-06-30,Credit Card,513.65
168,168,2024-11-28,PayPal,945.45
169,169,2024-11-06,PayPal,25.98
170,170,2024-07-11,Credit Card,386.23
171,171,2025-02-13,PayPal,425.81
172,172,2025-04-14,PayPal,961.95
173,173,2025-02-07,PayPal,109.07
174,174,2024-08-01,Debit Card,366.79
175,175,2024-07-01,Credit Card,316.88
176,176,2024-04-24,Gift Card,74.65
177,177,2024-05-18,Credit Card,946.48
178,178,2024-11-11,Credit Card,655.48
179,179,2025-03-11,PayPal,237.07
180,180,2024-10-05,Debit Card,704.2
181,181,2025-01-03,Debit Card,653.93
182,182,2025-01-01,Debit Card,812.07
183,183,2024-05-19,Gift Card,877.18
184,184,2024-10-31,Gift Card,25.69
185,185,2024-09-16,Credit Card,964.59
186,186,2024-06-30,PayPal,732.33
187,187,2024-10-23,Debit Card,898.36
188,188,2024-08-17,Debit Card,54.92
189,189,2024-12-06,Debit Card,848.94
190,190,2024-12-06,Debit Card,185.58
191,191,2024-10-31,Gift Card,19.18
192,192,2024-05-07,Gift Card,523.44
193,193,2025-04-03,Gift Card,148.82
194,194,2024-12-30,Credit Card,475.11
195,195,2024-09-03,PayPal,48.6
196,196,2024-09-17,PayPal,600.24
197,197,2024-06-12,Gift Card,217.73
198,198,2025-01-19,PayPal,742.45
199,199,2025-03-13,Debit Card,300.15
200,200,2024-09-29,Debit Card,621.38
201,201,2024-09-06,Debit Card,825.02
202,202,2024-09-12,Gift Card,425.05
203,203,2024-09-07,Credit Card,182.89
204,204,2024-04-20,Debit Card,523.41
205,205,2024-08-04,Gift Card,159.87
206,206,2024-08-27,PayPal,811.32
207,207,2024-08-30,Credit Card,671.98
208,208,2024-08-13,Gift Card,371.42
209,209,2024-10-06,Debit Card,925.7
210,210,2025-03-21,Gift Card,788.69
211,211,2024-11-19,Debit Card,39.68
212,212,2024-05-20,PayPal,212.04
213,213,2024-07-08,PayPal,409.62
214,214,2025-01-23,Debit Card,379.45
215,215,2025-03-26,Gift Card,843.01
216,216,2024-10-05,PayPal,625.69
217,217,2025-01-28,Credit Card,38.19
218,218,2024-09-24,PayPal,35.57
219,219,2025-02-22,Debit Card,38.21
220,220,2024-10-04,Gift Card,475.8
221,221,2024-08-06,PayPal,737.6
222,222,2024-06-18,Credit Card,152.9
223,223,2025-02-22,Gift Card,413.58
224,224,2025-01-23,Gift Card,544.08
225,225,2025-03-30,Credit Card,764.88
226,226,2024-09-27,Gift Card,725.3
227,227,2025-01-23,Gift Card,178.04
228,228,2025-03-30,Credit Card,109.11
229,229,2024-09-23,Gift Card,355.18
230,230,2024-06-09,Credit Card,230.47
231,231,2025-03-06,Gift Card,425.68
232,232,2024-11-30,Debit Card,75.66
233,233,2024-12-04,Debit Card,969.04
234,234,2024-05-19,Credit Card,469.79
235,235,2024-06-10,Gift Card,420.93
236,236,2024-07-05,Gift Card,899.16
237,237,2024-08-11,Credit Card,446.01
238,238,2024-10-17,Credit Card,858.35
239,239,2025-03-18,Debit Card,811.33
240,240,2024-11-06,Debit Card,10.71
241,241,2024-08-24,Debit Card,481.48
242,242,2024-05-11,PayPal,900.55
243,243,2025-04-13,Debit Card,264.29
244,244,2024-12-01,Credit Card,329.65
245,245,2025-02-03,Credit Card,544.59
246,246,2024-09-08,Gift Card,957.34
247,247,2024-05-20,Credit Card,671.75
248,248,2024-04-18,PayPal,105.43
249,249,2024-09-22,PayPal,497.87
250,250,2024-12-20,PayPal,832.78
251,251,2025-04-06,Credit Card,575.53
252,252,2024-07-31,Debit Card,134.57
253,253,2024-09-23,Credit Card,519.59
254,254,2024-06-22,Credit Card,807.39
255,255,2024-11-17,Debit Card,151.17
256,256,2024-10-12,Credit Card,662.62
257,257,2025-01-16,Gift Card,745.75
258,258,2024-11-22,Credit Card,720.1
259,259,2025-02-03,Gift Card,289.48
260,260,2025-04-06,PayPal,618.86
261,261,2024-06-08,Credit Card,257.28
262,262,2024-07-02,Gift Card,258.16
263,263,2024-06-27,Gift Card,732.73
264,264,2025-03-05,PayPal,308.1
265,265,2024-09-11,Gift Card,713.36
266,266,2024-08-06,Credit Card,467.53
267,267,2024-11-17,Debit Card,594.88
268,268,2024-10-23,Debit Card,521.74
269,269,2024-05-02,Credit Card,987.77
270,270,2025-03-01,Credit Card,274.06
271,271,2025-03-02,PayPal,900.54
272,272,2024-08-11,PayPal,334.66
273,273,2025-03-06,Gift Card,381.02
274,274,2024-11-29,Credit Card,153.77
275,275,2024-08-12,PayPal,739.05
276,276,2024-10-24,Debit Card,852.24
277,277,2024-11-19,Credit Card,750.46
278,278,2025-01-28,Gift Card,801.77
279,279,2024-10-12,PayPal,635.56
280,280,2024-07-12,Debit Card,796.25
281,281,2024-04-26,PayPal,979.74
282,282,2025-02-17,Credit Card,24.18
283,283,2024-04-16,Gift Card,638.28
284,284,2024-06-14,Gift Card,837.03
285,285,2024-07-27,Gift Card,245.45
286,286,2024-08-10,Credit Card,402.8
287,287,2024-12-20,Gift Card,21.6
288,288,2025-03-05,Debit Card,485.97
289,289,2024-12-19,Credit Card,859.1
290,290,2024-10-16,Debit Card,195.87
291,291,2024-06-03,Credit Card,870.83
292,292,2024-12-25,Credit Card,971.07
293,293,2024-12-30,Credit Card,411.6
294,294,2025-03-28,PayPal,992.77
295,295,2024-08-05,Credit Card,458.66
296,296,2024-09-25,PayPal,270.18
297,297,2024-06-24,Gift Card,445.46
298,298,2024-10-24,Credit Card,747.51
299,299,2025-04-03,PayPal,658.91
300,300,2025-01-08,Credit Card,519.35
301,301,2024-12-22,PayPal,343.98
302,302,2024-07-20,Gift Card,996.72
303,303,2024-04-27,Debit Card,194.46
304,304,2024-06-01,Credit Card,347.57
305,305,2025-02-06,PayPal,873.25
306,306,2024-08-01,Gift Card,774.29
307,307,2024-10-24,PayPal,461.75
308,308,2024-05-11,PayPal,105.54
309,309,2024-12-04,Gift Card,857.65
310,310,2025-01-30,Credit Card,765.64
311,311,2024-09-03,Debit Card,270.23
312,312,2024-11-27,Gift Card,784.13
313,313,2024-10-19,PayPal,432.25
314,314,2024-11-21,Gift Card,35.16
315,315,2024-10-02,PayPal,547.89
316,316,2025-03-19,Gift Card,103.64
317,317,2024-07-25,Debit Card,975.34
318,318,2024-12-15,PayPal,831.78
319,319,2025-01-07,PayPal,129.07
320,320,2024-10-17,Gift Card,715.57
321,321,2025-01-10,PayPal,135.04
322,322,2025-02-27,PayPal,354.15
323,323,2024-06-01,Gift Card,458.04
324,324,2024-09-07,Gift Card,557.77
325,325,2024-11-01,Debit Card,940.15
326,326,2025-01-25,Gift Card,966.63
327,327,2024-11-25,Credit Card,971.96
328,328,2024-04-22,Debit Card,190.79
329,329,2025-03-10,Gift Card,821.83
330,330,2024-07-25,Gift Card,886.77
331,331,2024-06-18,Gift Card,515.8
332,332,2024-11-27,Debit Card,150.29
333,333,2024-05-08,PayPal,683.77
334,334,2024-06-11,Credit Card,778.15
335,335,2024-08-18,Debit Card,206.69
336,336,2024-10-12,PayPal,747.15
337,337,2025-03-23,PayPal,530.32
338,338,2025-01-10,Debit Card,782.14
339,339,2024-06-07,Gift Card,567.25
340,340,2024-09-01,Gift Card,535.26
341,341,2024-06-18,PayPal,56.53
342,342,2024-05-06,Gift Card,537.82
343,343,2024-07-30,Gift Card,544.06
344,344,2024-09-03,Credit Card,696.76
345,345,2024-09-25,PayPal,997.2
346,346,2024-12-19,Gift Card,175.09
347,347,2025-04-05,PayPal,167.16
348,348,2024-09-01,Debit Card,683.59
349,349,2024-05-04,Gift Card,638.56
350,350,2024-08-06,Credit Card,860.35
351,351,2024-08-07,Credit Card,233.99
352,352,2024-11-07,PayPal,931.34
353,353,2024-12-20,Debit Card,718.93
354,354,2025-04-14,PayPal,545.41
355,355,2024-05-15,Debit Card,955.58
356,356,2024-11-01,Gift Card,429.78
357,357,2024-06-30,Gift Card,210.17
358,358,2025-02-07,Debit Card,58.42
359,359,2024-12-15,Credit Card,969.45
360,360,2024-06-26,Gift Card,406.86
361,361,2025-02-06,Credit Card,395.87
362,362,2024-05-22,Gift Card,526.53
363,363,2024-12-04,Credit Card,427.05
364,364,2025-02-02,PayPal,481.78
365,365,2024-06-19,Debit Card,328.7
366,366,2024-11-13,Debit Card,724.33
367,367,2024-08-19,Gift Card,306.99
368,368,2025-03-20,Gift Card,84.12
369,369,2024-08-16,Credit Card,711.26
370,370,2025-03-03,PayPal,671.44
371,371,2025-03-10,Gift Card,216.67
372,372,2025-01-07,Gift Card,736.13
373,373,2025-02-20,PayPal,598.05
374,374,2024-08-10,Debit Card,76.15
375,375,2024-07-30,PayPal,757.62
376,376,2025-01-07,Credit Card,148.9
377,377,2025-01-12,Debit Card,486.12
378,378,2025-01-08,Debit Card,168.65
379,379,2024-09-03,Debit Card,972.37
380,380,2024-05-23,Debit Card,976.69
381,381,2024-11-09,Debit Card,978.56
382,382,2024-11-27,PayPal,397.33
383,383,2024-08-30,Gift Card,167.85
384,384,2025-03-01,Gift Card,424.82
385,385,2024-06-10,Gift Card,595.5
386,386,2024-04-21,Debit Card,256.09
387,387,2024-06-08,Debit Card,356.9
388,388,2024-11-03,Gift Card,234.04
389,389,2024-08-03,Credit Card,949.56
390,390,2024-09-07,PayPal,149.04
391,391,2025-02-12,Credit Card,407.43
392,392,2024-10-21,Debit Card,728.72
393,393,2024-09-23,Debit Card,590.07
394,394,2024-08-26,Gift Card,675.59
395,395,2025-04-08,Debit Card,213.77
396,396,2025-04-04,Credit Card,150.98
397,397,2024-06-18,PayPal,282.72
398,398,2024-05-25,PayPal,334.19
399,399,2024-07-09,Gift Card,640.39
400,400,2024-06-15,PayPal,525.41
401,401,2024-10-28,PayPal,529.0
402,402,2024-07-10,PayPal,773.94
403,403,2025-03-04,Gift Card,602.46
404,404,2024-06-28,Credit Card,239.86
405,405,2025-02-18,Credit Card,443.89
406,406,2025-03-30,Gift Card,824.02
407,407,2024-11-18,PayPal,545.85
408,408,2024-12-10,Gift Card,613.94
409,409,2025-01-08,Debit Card,162.14
410,410,2025-03-04,Debit Card,881.42
411,411,2024-11-06,PayPal,756.71
412,412,2025-03-10,Debit Card,722.81
413,413,2024-11-08,Credit Card,876.48
414,414,2025-01-17,PayPal,949.99
415,415,2024-11-16,PayPal,50.56
416,416,2025-01-13,PayPal,839.6
417,417,2025-02-03,Gift Card,262.9
418,418,2025-02-21,Gift Card,630.63
419,419,2024-05-30,Credit Card,431.65
420,420,2024-09-25,PayPal,176.77
421,421,2024-10-11,PayPal,712.66
422,422,2025-04-06,PayPal,866.85
423,423,2024-05-15,Debit Card,492.43
424,424,2024-05-31,Credit Card,298.2
425,425,2025-02-28,PayPal,527.61
426,426,2024-06-05,PayPal,97.69
427,427,2025-04-09,Gift Card,734.44
428,428,2024-04-22,Credit Card,960.14
429,429,2024-10-19,Debit Card,866.43
430,430,2024-08-29,PayPal,248.88
431,431,2024-08-15,Gift Card,851.47
432,432,2025-01-09,Credit Card,499.59
433,433,2024-09-03,Debit Card,704.58
434,434,2024-06-08,Debit Card,438.15
435,435,2025-02-27,PayPal,66.09
436,436,2024-10-04,Debit Card,114.14
437,437,2025-03-27,Debit Card,772.25
438,438,2024-12-04,Debit Card,843.9
439,439,2024-11-05,PayPal,735.12
440,440,2025-02-06,Credit Card,905.68
441,441,2024-08-26,Debit Card,643.86
442,442,2024-06-21,PayPal,335.54
443,443,2025-01-16,Gift Card,670.31
444,444,2024-08-12,PayPal,258.74
445,445,2024-04-27,Debit Card,363.09
446,446,2025-01-30,Gift Card,22.8
447,447,2025-02-26,Gift Card,715.96
448,448,2024-06-01,Debit Card,490.69
449,449,2024-07-11,Debit Card,589.93
450,450,2024-06-04,Credit Card,229.17
451,451,2025-03-14,Gift Card,439.43
452,452,2025-01-10,Debit Card,273.1
453,453,2024-06-10,Credit Card,997.33
454,454,2025-01-08,PayPal,828.0
455,455,2024-07-12,PayPal,492.98
456,456,2024-08-13,PayPal,610.57
457,457,2024-06-03,Gift Card,569.96
458,458,2024-07-06,Gift Card,610.56
459,459,2024-06-05,Gift Card,871.69
460,460,2024-05-16,Credit Card,670.88
461,461,2024-09-27,Debit Card,51.68
462,462,2025-01-09,Credit Card,116.72
463,463,2025-02-06,PayPal,839.82
464,464,2025-02-14,PayPal,646.25
465,465,2024-05-29,Debit Card,107.59
466,466,2024-05-16,PayPal,103.96
467,467,2024-04-23,Credit Card,967.06
468,468,2025-02-10,PayPal,246.23
469,469,2024-10-21,Gift Card,584.32
470,470,2025-02-04,Debit Card,712.21
471,471,2024-09-30,Credit Card,607.77
472,472,2024-05-02,Gift Card,817.13
473,473,2024-07-01,Debit Card,721.11
474,474,2024-05-27,PayPal,49.47
475,475,2024-04-28,Debit Card,650.62
476,476,2025-02-17,PayPal,445.84
477,477,2024-12-28,Gift Card,466.14
478,478,2024-11-01,Gift Card,864.78
479,479,2024-12-02,Debit Card,46.9
480,480,2024-05-09,Debit Card,404.71
481,481,2024-10-15,Credit Card,807.17
482,482,2024-06-01,Gift Card,746.94
483,483,2025-04-03,Debit Card,437.48
484,484,2024-07-23,PayPal,909.0
485,485,2024-05-02,PayPal,223.88
486,486,2024-05-11,Debit Card,188.93
487,487,2024-08-11,Credit Card,634.22
488,488,2024-12-31,Debit Card,335.67
489,489,2024-04-19,Credit Card,299.35
490,490,2025-02-03,Gift Card,418.02
491,491,2024-05-23,Credit Card,38.09
492,492,2025-02-13,Debit Card,462.06
493,493,2024-06-03,Credit Card,892.04
494,494,2025-04-08,PayPal,365.0
495,495,2024-12-05,Gift Card,686.18
496,496,2024-07-04,PayPal,358.85
497,497,2024-11-30,Debit Card,965.93
498,498,2025-03-31,Debit Card,283.87
499,499,2024-07-02,Credit Card,785.87
500,500,2024-06-26,Debit Card,331.27
501,501,2025-01-01,Debit Card,702.11
502,502,2024-08-30,Debit Card,638.46
503,503,2024-04-27,Credit Card,770.93
504,504,2024-05-21,Gift Card,168.99
505,505,2024-06-11,Debit Card,562.89
506,506,2025-03-10,Gift Card,864.85
507,507,2025-01-30,Credit Card,651.8
508,508,2025-04-16,Debit Card,743.3
509,509,2024-08-01,Gift Card,755.79
510,510,2024-11-27,Debit Card,783.16
511,511,2024-08-29,Gift Card,180.34
512,512,2024-08-30,Gift Card,504.84
513,513,2024-06-17,Credit Card,97.98
514,514,2025-03-14,PayPal,358.29
515,515,2024-10-27,Debit Card,542.85
516,516,2025-02-13,Debit Card,807.1
517,517,2025-01-23,Credit Card,966.24
518,518,2024-12-10,PayPal,323.37
519,519,2024-07-18,Credit Card,312.78
520,520,2024-10-29,Gift Card,915.03
521,521,2024-11-23,Gift Card,99.53
522,522,2024-05-12,PayPal,412.0
523,523,2024-05-24,Debit Card,625.58
524,524,2025-02-28,Debit Card,643.08
525,525,2024-11-26,Credit Card,759.0
526,526,2025-02-06,Debit Card,210.13
527,527,2024-04-21,Gift Card,857.42
528,528,2024-11-07,Credit Card,490.59
529,529,2024-07-09,Credit Card,343.63
530,530,2025-01-18,Debit Card,443.39
531,531,2024-06-29,Debit Card,367.85
532,532,2024-08-03,Gift Card,167.63
533,533,2024-06-21,Credit Card,176.86
534,534,2025-04-01,Gift Card,25.77
535,535,2025-02-02,Gift Card,197.89
536,536,2024-11-10,Debit Card,317.42
537,537,2024-04-17,Gift Card,511.06
538,538,2025-01-22,Gift Card,645.88
539,539,2024-05-24,Credit Card,303.24
540,540,2025-04-09,Gift Card,564.32
541,541,2024-07-08,PayPal,186.13
542,542,2025-04-08,Gift Card,622.29
543,543,2024-10-28,Gift Card,85.18
544,544,2025-03-12,Debit Card,102.43
545,545,2025-01-15,Credit Card,714.55
546,546,2024-10-17,Debit Card,915.55
547,547,2024-09-05,Gift Card,666.56
548,548,2025-01-12,Gift Card,853.69
549,549,2024-11-30,Credit Card,154.31
550,550,2024-06-26,Credit Card,346.76
551,551,2024-10-03,Gift Card,360.26
552,552,2025-01-02,Credit Card,141.7
553,553,2024-05-27,Debit Card,391.39
554,554,2024-06-25,PayPal,846.56
555,555,2025-03-06,PayPal,738.92
556,556,2024-08-31,Credit Card,877.7
557,557,2024-09-10,Credit Card,800.5
558,558,2024-09-27,PayPal,617.29
559,559,2024-07-08,PayPal,971.04
560,560,2024-11-01,Debit Card,330.6
561,561,2024-07-13,Debit Card,232.58
562,562,2024-09-21,Gift Card,827.87
563,563,2024-05-29,Gift Card,253.44
564,564,2025-02-05,Debit Card,163.46
565,565,2024-08-16,PayPal,992.75
566,566,2024-06-03,Debit Card,36.1
567,567,2024-10-13,Credit Card,232.22
568,568,2024-05-28,Credit Card,698.13
569,569,2024-11-03,Gift Card,226.79
570,570,2024-06-07,Gift Card,876.38
571,571,2024-10-25,Credit Card,445.95
572,572,2025-02-06,PayPal,813.41
573,573,2024-09-03,Credit Card,153.92
574,574,2025-01-14,Debit Card,303.83
575,575,2024-08-05,Credit Card,964.94
576,576,2024-11-18,Gift Card,858.96
577,577,2025-01-21,Gift Card,488.44
578,578,2024-05-01,Debit Card,444.56
579,579,2024-05-17,Debit Card,560.76
580,580,2024-08-21,Credit Card,998.39
581,581,2024-10-24,PayPal,200.32
582,582,2024-05-30,Gift Card,194.2
583,583,2024-09-12,Credit Card,523.39
584,584,2024-08-04,Debit Card,405.62
585,585,2024-10-10,Credit Card,579.7
586,586,2024-12-05,PayPal,903.32
587,587,2025-01-26,Gift Card,393.23
588,588,2024-08-15,Gift Card,268.88
589,589,2025-01-07,PayPal,798.83
590,590,2025-03-08,Credit Card,370.33
591,591,2024-10-05,Gift Card,803.71
592,592,2024-07-12,Debit Card,437.0
593,593,2024-11-17,PayPal,370.87
594,594,2024-09-21,Debit Card,926.25
595,595,2024-08-06,Gift Card,242.36
596,596,2025-03-14,PayPal,544.97
597,597,2024-09-29,Gift Card,86.27
598,598,2024-06-28,Credit Card,696.27
599,599,2025-03-14,Debit Card,328.45
600,600,2024-05-13,PayPal,829.17
601,601,2025-03-29,Gift Card,705.41
602,602,2025-03-08,Gift Card,797.6
603,603,2025-02-21,Credit Card,583.17
604,604,2024-10-17,Debit Card,105.66
605,605,2025-04-15,PayPal,918.3
606,606,2025-01-04,Credit Card,985.65
607,607,2024-09-05,Debit Card,711.27
608,608,2024-06-24,PayPal,540.01
609,609,2024-04-20,Gift Card,113.76
610,610,2025-01-02,Gift Card,828.03
611,611,2024-10-23,Debit Card,235.55
612,612,2025-01-02,Gift Card,354.86
613,613,2024-05-26,Credit Card,705.12
614,614,2024-09-16,PayPal,976.73
615,615,2024-10-03,PayPal,822.87
616,616,2024-11-04,Credit Card,231.72
617,617,2024-12-27,Gift Card,276.44
618,618,2025-01-03,PayPal,838.25
619,619,2024-05-19,Credit Card,465.64
620,620,2024-06-01,Gift Card,443.49
621,621,2024-06-10,Debit Card,595.15
622,622,2024-09-16,Debit Card,74.01
623,623,2024-09-18,Gift Card,995.83
624,624,2025-01-10,Debit Card,31.89
625,625,2024-12-01,Debit Card,453.98
626,626,2024-05-25,Credit Card,653.77
627,627,2025-01-28,Gift Card,896.88
628,628,2025-04-10,Gift Card,481.86
629,629,2025-03-28,Gift Card,709.25
630,630,2024-06-20,Gift Card,73.14
631,631,2024-05-11,Debit Card,360.87
632,632,2024-09-04,PayPal,955.19
633,633,2024-07-02,Debit Card,283.33
634,634,2024-08-25,Debit Card,259.49
635,635,2024-07-02,PayPal,897.56
636,636,2024-12-03,PayPal,37.3
637,637,2025-03-09,Debit Card,601.76
638,638,2024-09-20,Gift Card,436.52
639,639,2024-06-02,Debit Card,766.72
640,640,2024-07-15,Credit Card,142.02
641,641,2025-03-07,Credit Card,402.28
642,642,2024-09-27,Debit Card,665.18
643,643,2025-01-22,Gift Card,316.73
644,644,2024-10-26,Credit Card,700.23
645,645,2024-08-02,PayPal,311.61
646,646,2025-02-07,Gift Card,240.24
647,647,2025-01-18,Gift Card,800.43
648,648,2025-02-07,Gift Card,512.88
649,649,2024-11-27,Gift Card,413.07
650,650,2024-12-02,Debit Card,768.64
651,651,2024-07-31,Debit Card,980.38
652,652,2025-02-03,Credit Card,591.0
653,653,2025-02-16,PayPal,864.11
654,654,2025-02-21,PayPal,971.18
655,655,2024-12-22,Gift Card,62.44
656,656,2024-09-18,Debit Card,756.92
657,657,2024-09-01,Debit Card,591.57
658,658,2024-10-17,Credit Card,776.87
659,659,2024-12-30,Gift Card,80.3
660,660,2024-12-06,Debit Card,72.99
661,661,2024-09-20,PayPal,419.57
662,662,2024-10-21,Debit Card,169.6
663,663,2024-10-31,PayPal,202.67
664,664,2024-08-02,Debit Card,979.98
665,665,2024-06-12,Credit Card,776.0
666,666,2025-02-08,Credit Card,989.69
667,667,2024-10-09,Debit Card,837.38
668,668,2024-05-27,PayPal,39.19
669,669,2024-06-02,PayPal,929.54
670,670,2024-07-22,Credit Card,731.38
671,671,2024-10-23,Gift Card,338.47
672,672,2024-10-26,PayPal,103.22
673,673,2024-07-14,PayPal,409.52
674,674,2024-12-16,Debit Card,703.92
675,675,2025-04-16,Debit Card,688.5
676,676,2024-06-07,Gift Card,806.86
677,677,2024-04-27,PayPal,387.48
678,678,2024-05-24,Debit Card,479.66
679,679,2025-01-27,Gift Card,848.79
680,680,2024-05-06,Gift Card,191.16
681,681,2025-03-04,Gift Card,318.08
682,682,2024-05-12,Credit Card,185.64
683,683,2024-10-26,Gift Card,436.06
684,684,2025-01-04,Debit Card,259.49
685,685,2024-04-26,PayPal,99.83
686,686,2024-06-24,Debit Card,267.9
687,687,2024-09-11,Debit Card,208.6
688,688,2024-12-06,Debit Card,357.69
689,689,2025-01-04,Gift Card,650.75
690,690,2024-08-20,Debit Card,90.75
691,691,2024-06-14,PayPal,457.21
692,692,2024-08-11,PayPal,103.09
693,693,2024-12-13,Debit Card,265.19
694,694,2024-12-14,Gift Card,880.51
695,695,2024-05-23,Credit Card,70.29
696,696,2025-02-05,Gift Card,561.56
697,697,2024-05-15,Debit Card,685.88
698,698,2024-12-28,PayPal,104.54
699,699,2025-02-01,Credit Card,11.71
700,700,2024-11-03,Debit Card,985.28
701,701,2025-02-08,Debit Card,22.45
702,702,2024-10-24,Debit Card,333.59
703,703,2025-02-17,Debit Card,313.2
704,704,2024-10-13,PayPal,802.04
705,705,2024-07-03,Credit Card,572.4
706,706,2024-08-08,PayPal,381.09
707,707,2024-12-29,PayPal,78.7
708,708,2024-10-26,Credit Card,180.67
709,709,2024-10-23,Debit Card,640.12
710,710,2024-10-29,Credit Card,503.22
711,711,2024-07-26,Gift Card,539.86
712,712,2024-11-12,PayPal,976.02
713,713,2024-08-27,PayPal,106.0
714,714,2025-02-24,Debit Card,686.35
715,715,2025-03-15,Credit Card,163.12
716,716,2024-11-11,Gift Card,380.43
717,717,2024-11-14,Credit Card,185.16
718,718,2024-04-22,Debit Card,446.29
719,719,2025-02-06,PayPal,847.51
720,720,2024-04-28,PayPal,774.26
721,721,2024-09-30,Debit Card,512.26
722,722,2025-03-23,Gift Card,816.22
723,723,2025-04-06,PayPal,450.66
724,724,2024-06-01,PayPal,625.86
725,725,2024-09-11,Debit Card,935.94
726,726,2024-10-07,PayPal,889.35
727,727,2024-08-16,Gift Card,795.71
728,728,2025-03-13,PayPal,129.08
729,729,2024-09-09,Gift Card,934.91
730,730,2024-10-04,Credit Card,935.68
731,731,2024-10-11,Credit Card,116.7
732,732,2024-04-29,PayPal,686.2
733,733,2024-04-28,Debit Card,594.21
734,734,2024-06-23,Debit Card,175.71
735,735,2024-11-18,PayPal,108.72
736,736,2024-12-28,Debit Card,201.23
737,737,2025-03-16,PayPal,163.7
738,738,2025-02-12,PayPal,617.06
739,739,2024-08-11,Debit Card,344.02
740,740,2025-03-25,Credit Card,460.12
741,741,2025-01-15,Gift Card,661.9
742,742,2024-06-18,PayPal,833.45
743,743,2024-10-23,PayPal,786.22
744,744,2024-09-30,Debit Card,944.57
745,745,2024-06-07,Credit Card,672.02
746,746,2024-08-15,Credit Card,74.81
747,747,2025-01-18,Credit Card,253.76
748,748,2024-09-14,Debit Card,149.97
749,749,2024-10-22,Debit Card,960.78
750,750,2025-02-06,Debit Card,495.86
751,751,2024-05-28,Credit Card,796.11
752,752,2024-11-22,Debit Card,51.17
753,753,2025-01-03,Gift Card,68.04
754,754,2024-10-23,Credit Card,982.52
755,755,2024-12-28,Credit Card,485.62
756,756,2024-11-17,Debit Card,845.17
757,757,2025-01-07,Debit Card,663.06
758,758,2024-11-11,Credit Card,757.07
759,759,2024-11-24,Gift Card,595.22
760,760,2024-10-15,Debit Card,849.3
761,761,2024-10-17,Credit Card,100.04
762,762,2024-11-20,Gift Card,658.26
763,763,2025-03-13,Debit Card,912.75
764,764,2024-06-15,Debit Card,567.37
765,765,2024-10-29,Debit Card,705.18
766,766,2024-05-07,Credit Card,526.46
767,767,2024-09-14,Credit Card,759.35
768,768,2024-07-27,PayPal,646.77
769,769,2024-10-25,Gift Card,289.74
770,770,2024-12-01,Credit Card,144.12
771,771,2024-09-09,PayPal,765.89
772,772,2024-12-11,Gift Card,300.03
773,773,2025-01-03,Debit Card,630.08
774,774,2024-08-30,Gift Card,410.2
775,775,2025-02-07,PayPal,383.3
776,776,2024-08-04,PayPal,495.56
777,777,2024-08-18,Debit Card,496.33
778,778,2024-05-09,PayPal,328.3
779,779,2024-04-26,Gift Card,489.26
780,780,2024-12-01,Credit Card,394.92
781,781,2024-05-03,Gift Card,502.64
782,782,2024-06-04,Credit Card,788.5
783,783,2025-03-07,Debit Card,294.32
784,784,2024-09-05,Debit Card,687.21
785,785,2024-08-29,PayPal,64.56
786,786,2025-02-24,Gift Card,832.94
787,787,2025-01-29,Gift Card,196.2
788,788,2024-11-28,Gift Card,98.3
789,789,2024-04-26,Debit Card,893.17
790,790,2025-02-07,Gift Card,750.37
791,791,2025-03-28,Debit Card,575.56
792,792,2024-12-14,Gift Card,181.63
793,793,2024-08-26,Gift Card,320.52
794,794,2024-09-10,Credit Card,57.48
795,795,2024-05-23,PayPal,37.68
796,796,2024-09-29,PayPal,967.1
797,797,2024-08-28,Gift Card,391.05
798,798,2024-09-01,Credit Card,358.25
799,799,2024-09-22,PayPal,542.39
800,800,2024-08-30,Gift Card,825.51
801,801,2024-05-07,Gift Card,687.32
802,802,2024-12-28,Gift Card,439.47
803,803,2024-07-19,Gift Card,513.29
804,804,2024-07-21,PayPal,850.73
805,805,2024-07-16,Gift Card,513.66
806,806,2024-12-23,Debit Card,684.32
807,807,2024-08-15,Debit Card,54.27
808,808,2024-12-02,Gift Card,222.35
809,809,2024-05-18,PayPal,462.66
810,810,2025-04-04,PayPal,193.85
811,811,2025-01-08,PayPal,229.35
812,812,2024-05-11,Gift Card,327.11
813,813,2025-03-19,Debit Card,716.89
814,814,2024-08-12,Gift Card,500.32
815,815,2024-05-30,PayPal,575.43
816,816,2024-08-25,Credit Card,616.89
817,817,2024-06-20,PayPal,54.78
818,818,2024-04-23,Gift Card,387.67
819,819,2024-11-11,PayPal,901.32
820,820,2024-08-20,Credit Card,125.17
821,821,2024-04-30,Gift Card,297.54
822,822,2024-10-11,Gift Card,905.35
823,823,2024-12-27,Debit Card,663.0
824,824,2025-03-17,Debit Card,916.09
825,825,2024-09-27,PayPal,337.44
826,826,2024-11-22,Gift Card,185.29
827,827,2024-11-01,PayPal,396.02
828,828,2025-04-01,Gift Card,236.09
829,829,2024-09-26,Gift Card,918.41
830,830,2024-07-28,Debit Card,407.94
831,831,2024-04-23,Debit Card,164.37
832,832,2025-01-11,PayPal,602.76
833,833,2024-10-15,Debit Card,625.55
834,834,2024-11-30,PayPal,265.6
835,835,2024-04-24,Debit Card,922.96
836,836,2024-08-16,Debit Card,683.59
837,837,2024-09-09,Credit Card,713.07
838,838,2024-11-23,Credit Card,903.07
839,839,2024-09-14,Gift Card,316.64
840,840,2024-08-19,PayPal,940.87
841,841,2024-11-24,Gift Card,656.8
842,842,2024-05-23,PayPal,914.6
843,843,2025-02-23,PayPal,415.11
844,844,2024-10-22,PayPal,20.13
845,845,2024-05-24,Gift Card,825.32
846,846,2025-01-09,Credit Card,383.36
847,847,2025-01-03,PayPal,844.21
848,848,2024-07-04,Gift Card,197.6
849,849,2024-08-24,Debit Card,781.43
850,850,2024-10-25,Debit Card,260.89
851,851,2024-10-28,Credit Card,20.33
852,852,2025-02-25,PayPal,695.6
853,853,2025-02-07,PayPal,51.38
854,854,2024-12-31,Gift Card,769.46
855,855,2024-08-25,Credit Card,137.6
856,856,2024-06-19,Debit Card,692.6
857,857,2024-12-10,Credit Card,79.82
858,858,2024-08-10,Gift Card,123.24
859,859,2024-09-04,Credit Card,167.33
860,860,2024-10-02,Gift Card,793.28
861,861,2024-07-03,Credit Card,75.84
862,862,2024-10-25,Credit Card,541.57
863,863,2024-12-18,Debit Card,175.69
864,864,2025-03-11,PayPal,742.69
865,865,2025-02-15,PayPal,955.76
866,866,2024-05-15,Gift Card,717.87
867,867,2025-03-08,PayPal,698.07
868,868,2025-03-12,PayPal,291.96
869,869,2024-11-10,PayPal,293.57
870,870,2024-07-08,Debit Card,856.95
871,871,2024-08-05,PayPal,268.88
872,872,2024-07-27,Credit Card,763.38
873,873,2024-05-04,Gift Card,400.96
874,874,2024-08-09,Gift Card,886.74
875,875,2024-11-24,Credit Card,210.1
876,876,2024-09-19,PayPal,95.64
877,877,2025-02-22,Credit Card,847.99
878,878,2024-07-12,PayPal,208.78
879,879,2024-12-14,Gift Card,523.04
880,880,2025-01-29,Credit Card,45.34
881,881,2024-05-21,PayPal,484.03
882,882,2025-01-19,PayPal,120.29
883,883,2025-03-09,PayPal,47.65
884,884,2024-11-26,Debit Card,394.18
885,885,2024-05-22,Debit Card,92.77
886,886,2024-12-01,Credit Card,696.68
887,887,2024-08-24,Credit Card,76.73
888,888,2024-07-31,Gift Card,441.59
889,889,2024-05-12,Credit Card,377.19
890,890,2024-11-21,PayPal,740.96
891,891,2025-02-21,Debit Card,447.6
892,892,2024-11-08,Credit Card,771.44
893,893,2024-10-17,Debit Card,666.25
894,894,2024-09-28,Credit Card,508.58
895,895,2024-07-06,Debit Card,974.76
896,896,2024-08-28,PayPal,770.86
897,897,2025-02-19,Credit Card,727.66
898,898,2024-05-15,PayPal,53.32
899,899,2024-12-25,Debit Card,24.07
900,900,2025-03-01,Gift Card,161.18
901,901,2024-08-11,Credit Card,860.89
902,902,2024-10-28,Debit Card,258.29
903,903,2025-02-22,Credit Card,183.77
904,904,2024-08-10,Debit Card,467.42
905,905,2024-10-01,PayPal,902.55
906,906,2024-12-29,Debit Card,65.86
907,907,2024-11-11,Credit Card,386.23
908,908,2024-08-15,Gift Card,947.35
909,909,2024-07-02,Debit Card,510.54
910,910,2024-09-23,Gift Card,232.98
911,911,2024-09-19,Debit Card,630.94
912,912,2024-07-22,PayPal,342.53
913,913,2024-12-14,Gift Card,723.97
914,914,2024-11-02,Debit Card,35.06
915,915,2024-10-09,Gift Card,446.13
916,916,2025-01-01,Gift Card,844.99
917,917,2025-02-06,Gift Card,605.64
918,918,2024-11-14,PayPal,294.93
919,919,2024-06-25,Gift Card,169.49
920,920,2025-03-24,Gift Card,551.65
921,921,2024-04-23,Gift Card,324.38
922,922,2024-12-15,Debit Card,120.25
923,923,2025-01-14,Credit Card,74.48
924,924,2024-11-02,PayPal,522.87
925,925,2025-03-17,Debit Card,27.29
926,926,2024-06-27,Credit Card,723.28
927,927,2024-11-26,Gift Card,726.84
928,928,2024-10-26,Debit Card,328.44
929,929,2024-07-07,Debit Card,48.05
930,930,2024-12-28,PayPal,902.5
931,931,2025-03-01,PayPal,687.47
932,932,2025-01-29,Credit Card,15.84
933,933,2025-04-15,Debit Card,13.39
934,934,2024-10-14,Gift Card,67.83
935,935,2024-07-29,Credit Card,393.65
936,936,2025-04-14,Debit Card,571.29
937,937,2024-12-19,Gift Card,858.43
938,938,2024-11-08,PayPal,764.55
939,939,2025-02-24,PayPal,44.84
940,940,2024-12-10,Credit Card,550.13
941,941,2025-03-13,PayPal,29.6
942,942,2025-02-08,PayPal,825.76
943,943,2025-04-03,Gift Card,481.66
944,944,2024-10-01,Gift Card,575.78
945,945,2025-04-13,Gift Card,392.19
946,946,2024-11-21,Debit Card,688.75
947,947,2025-01-23,Credit Card,392.9
948,948,2024-12-15,Gift Card,911.14
949,949,2024-05-09,PayPal,245.29
950,950,2024-11-04,PayPal,495.66
951,951,2024-07-02,Gift Card,257.54
952,952,2024-09-04,PayPal,980.33
953,953,2024-10-12,PayPal,640.33
954,954,2024-06-12,Debit Card,484.34
955,955,2024-07-18,PayPal,899.59
956,956,2024-06-13,PayPal,459.68
957,957,2025-01-30,PayPal,880.65
958,958,2025-01-07,Gift Card,231.6
959,959,2025-02-07,Debit Card,293.99
960,960,2024-08-10,Debit Card,733.67
961,961,2025-03-09,Gift Card,963.41
962,962,2024-10-02,PayPal,394.57
963,963,2024-09-22,Gift Card,264.64
964,964,2024-08-17,Debit Card,168.71
965,965,2025-03-16,Gift Card,742.61
966,966,2025-03-04,Gift Card,437.42
967,967,2025-04-04,PayPal,306.86
968,968,2024-05-11,Gift Card,52.13
969,969,2024-12-18,Gift Card,416.27
970,970,2024-07-04,Gift Card,881.01
971,971,2025-03-10,Gift Card,853.17
972,972,2024-09-23,Debit Card,987.61
973,973,2024-07-28,Gift Card,133.77
974,974,2025-03-01,Debit Card,630.23
975,975,2024-08-05,Debit Card,216.02
976,976,2024-12-22,Debit Card,411.73
977,977,2024-06-17,Credit Card,884.79
978,978,2024-07-24,Debit Card,465.98
979,979,2025-01-07,Credit Card,457.79
980,980,2024-12-05,Debit Card,952.85
981,981,2024-07-16,Gift Card,468.88
982,982,2024-09-20,PayPal,344.42
983,983,2024-07-17,Debit Card,668.72
984,984,2024-05-30,Gift Card,141.78
985,985,2024-06-13,Credit Card,534.64
986,986,2024-06-29,PayPal,253.55
987,987,2024-04-26,PayPal,715.46
988,988,2024-07-20,Gift Card,572.7
989,989,2025-02-19,Gift Card,948.52
990,990,2025-03-03,Gift Card,732.01
991,991,2024-08-14,Credit Card,786.28
992,992,2024-10-13,Gift Card,369.78
993,993,2024-10-21,Debit Card,468.74
994,994,2024-11-19,Debit Card,863.81
995,995,2024-10-02,Gift Card,794.16
996,996,2024-09-26,PayPal,381.07
997,997,2024-12-23,PayPal,313.83
998,998,2025-04-02,Debit Card,398.9
999,999,2024-04-30,Gift Card,475.53
1000,1000,2024-07-03,Credit Card,547.4
